date,product,region,units_sold,revenue,cost
2024-01-01,Pickup,Sudeste,7,1413718.73,1116553.32
2024-01-01,Hatch,Sul,3,247048.98,189952.83
2024-01-01,Sedan,Centro-Oeste,3,325111.56,274877.43
2024-01-01,Pickup,Sul,6,1080140.18,916857.26
2024-01-01,Sedan,Centro-Oeste,2,234891.23,179642.88
2024-01-01,Sedan,Nordeste,3,345592.49,244333.84
2024-01-01,Pickup,Centro-Oeste,7,1355774.7,1108720.54
2024-01-01,Hatch,Centro-Oeste,7,659915.32,508144.32
2024-01-01,Sedan,Nordeste,7,777486.04,551826.73
2024-01-01,Pickup,Sudeste,4,787594.59,596849.0
2024-01-01,SUV,Sudeste,2,360948.58,276494.87
2024-01-02,Pickup,Sudeste,7,1296406.58,983530.64
2024-01-02,SUV,Centro-Oeste,4,681664.8,530342.17
2024-01-02,SUV,Centro-Oeste,6,977072.75,807396.95
2024-01-02,Pickup,Sul,2,413689.64,326684.5
2024-01-02,Pickup,Nordeste,6,1115276.92,788259.98
2024-01-02,Pickup,Sudeste,5,940702.35,775430.95
2024-01-02,SUV,Sudeste,4,713559.7,529033.07
2024-01-02,Sedan,Nordeste,5,546709.56,463627.77
2024-01-02,Pickup,Sudeste,4,755218.58,530248.01
2024-01-02,Hatch,Sudeste,3,275002.11,217497.52
2024-01-02,SUV,Nordeste,2,330256.93,273936.73
2024-01-03,Pickup,Sul,1,181906.75,135820.19
2024-01-03,Pickup,Sudeste,3,593216.8,439697.2
2024-01-03,Hatch,Sudeste,3,247843.57,200006.47
2024-01-03,Sedan,Sudeste,2,224495.46,165769.75
2024-01-03,Hatch,Sudeste,7,607402.63,427497.79
2024-01-03,Sedan,Nordeste,7,868866.21,670161.32
2024-01-03,Sedan,Centro-Oeste,4,497344.79,366738.98
2024-01-03,Sedan,Nordeste,3,334965.31,281849.2
2024-01-03,Hatch,Nordeste,3,249529.46,209468.67
2024-01-03,Sedan,Sul,1,109898.9,84455.12
2024-01-03,Pickup,Centro-Oeste,4,827107.08,645889.02
2024-01-03,SUV,Nordeste,4,686480.17,573914.08
2024-01-04,Sedan,Nordeste,6,648056.2,487912.01
2024-01-04,Hatch,Nordeste,6,527370.53,402178.91
2024-01-04,Sedan,Sudeste,3,338548.27,249381.03
2024-01-04,Hatch,Sul,1,86451.79,61357.76
2024-01-04,SUV,Centro-Oeste,4,675192.49,522995.51
2024-01-05,Sedan,Sudeste,1,112802.06,95486.07
2024-01-05,Pickup,Sul,7,1318515.76,1102595.46
2024-01-05,Hatch,Sul,2,176335.23,135278.66
2024-01-05,SUV,Centro-Oeste,7,1261033.62,1026787.72
2024-01-05,Hatch,Sudeste,7,642896.71,495380.9
2024-01-06,SUV,Sul,3,552130.98,452610.35
2024-01-06,Sedan,Centro-Oeste,3,334072.0,235893.67
2024-01-06,Pickup,Centro-Oeste,3,559821.69,451592.73
2024-01-06,Hatch,Nordeste,4,358839.33,260572.96
2024-01-06,Sedan,Centro-Oeste,7,874027.98,629849.16
2024-01-06,Pickup,Sudeste,1,186272.15,145519.01
2024-01-07,Hatch,Nordeste,4,333447.57,282538.54
2024-01-07,Pickup,Centro-Oeste,1,187255.57,133694.0
2024-01-07,Pickup,Sudeste,5,1032395.45,751899.87
2024-01-07,Sedan,Nordeste,3,363201.61,303115.91
2024-01-07,Pickup,Sul,1,199260.95,141997.54
2024-01-07,Pickup,Centro-Oeste,6,1200417.89,944852.51
2024-01-07,Pickup,Sul,1,199905.05,140085.31
2024-01-07,Pickup,Sul,2,389136.83,298570.53
2024-01-07,Sedan,Sudeste,4,483276.9,355492.38
2024-01-07,Sedan,Centro-Oeste,4,458385.75,372037.6
2024-01-07,Hatch,Sudeste,1,88324.29,68568.1
2024-01-07,SUV,Nordeste,6,1011526.32,855702.29
2024-01-07,Sedan,Nordeste,6,745858.67,570700.59
2024-01-07,Sedan,Sul,1,118384.27,91614.94
2024-01-08,Pickup,Sudeste,3,591480.38,482223.96
2024-01-08,Pickup,Sudeste,4,832855.03,702171.15
2024-01-08,Sedan,Sul,3,364376.81,307155.36
2024-01-08,Sedan,Sudeste,6,752398.72,635433.07
2024-01-08,Sedan,Centro-Oeste,7,794517.82,578914.81
2024-01-08,Sedan,Centro-Oeste,3,333152.61,261031.79
2024-01-08,Hatch,Sul,2,187110.45,132953.66
2024-01-08,SUV,Centro-Oeste,7,1321120.18,952544.3
2024-01-08,Hatch,Sul,2,170708.87,141227.53
2024-01-09,Hatch,Sul,7,594744.43,488525.56
2024-01-09,Hatch,Sul,1,89255.44,63571.21
2024-01-09,Hatch,Sudeste,4,367107.94,292766.6
2024-01-09,Pickup,Sul,6,1240200.96,931017.96
2024-01-09,Pickup,Sul,2,386308.45,309357.32
2024-01-09,Hatch,Sudeste,2,176651.41,131248.67
2024-01-09,SUV,Sul,6,1012540.72,714676.77
2024-01-09,Hatch,Sul,3,248145.95,193141.05
2024-01-09,Sedan,Centro-Oeste,4,501498.13,385446.34
2024-01-09,SUV,Sudeste,4,692426.22,557352.44
2024-01-09,Pickup,Centro-Oeste,5,1045430.53,843860.3
2024-01-09,Hatch,Sudeste,7,607967.71,493430.48
2024-01-09,SUV,Sudeste,2,375983.01,310335.26
2024-01-10,Pickup,Sudeste,1,185198.83,133984.97
2024-01-10,SUV,Centro-Oeste,6,987207.47,718124.23
2024-01-10,Sedan,Sudeste,1,125187.58,101487.63
2024-01-10,Hatch,Sudeste,6,545133.18,385494.98
2024-01-10,SUV,Centro-Oeste,3,547385.53,384351.69
2024-01-10,SUV,Centro-Oeste,5,822711.19,614328.32
2024-01-10,SUV,Centro-Oeste,5,874013.47,624635.68
2024-01-10,Pickup,Sudeste,7,1332723.91,1025799.02
2024-01-10,Sedan,Nordeste,2,238170.6,189408.52
2024-01-10,SUV,Centro-Oeste,7,1136892.56,955007.31
2024-01-10,Pickup,Sudeste,5,1002594.57,794433.55
2024-01-10,Pickup,Nordeste,2,361590.68,284885.12
2024-01-10,Hatch,Centro-Oeste,4,344961.18,274759.24
2024-01-11,Sedan,Nordeste,3,374839.1,284096.32
2024-01-11,Sedan,Centro-Oeste,2,223440.64,165590.55
2024-01-11,Pickup,Nordeste,6,1083279.93,773642.17
2024-01-11,Hatch,Nordeste,1,89852.26,68090.89
2024-01-11,SUV,Sul,6,1103943.89,819433.5
2024-01-12,SUV,Sudeste,2,357962.91,297689.41
2024-01-12,Pickup,Sudeste,5,1045137.08,817501.82
2024-01-12,Sedan,Sudeste,3,377487.28,287604.78
2024-01-12,SUV,Sudeste,7,1243722.82,1032373.88
2024-01-12,Pickup,Sudeste,4,771479.28,626927.72
2024-01-12,Sedan,Nordeste,1,114799.12,89560.43
2024-01-12,Pickup,Centro-Oeste,1,189601.49,158189.92
2024-01-12,Sedan,Centro-Oeste,4,501014.99,414375.2
2024-01-13,Hatch,Centro-Oeste,6,540818.36,417716.28
2024-01-13,SUV,Nordeste,5,822380.06,649981.35
2024-01-13,Pickup,Nordeste,5,1012856.18,829262.68
2024-01-13,Sedan,Nordeste,5,623783.62,527806.54
2024-01-13,SUV,Nordeste,2,347842.65,289807.06
2024-01-13,Hatch,Nordeste,2,188153.6,151125.82
2024-01-13,SUV,Centro-Oeste,1,164730.31,117389.46
2024-01-13,Sedan,Centro-Oeste,2,230279.46,192003.45
2024-01-13,SUV,Sudeste,5,821453.09,696588.88
2024-01-13,Pickup,Sudeste,1,206410.8,151815.72
2024-01-13,Hatch,Sudeste,5,455853.03,344824.98
2024-01-13,Hatch,Nordeste,5,430514.16,346892.23
2024-01-13,SUV,Sul,3,495007.0,383082.83
2024-01-14,Pickup,Sul,2,404458.43,329665.67
2024-01-14,Hatch,Sudeste,7,637501.24,502035.62
2024-01-14,SUV,Sudeste,7,1224288.11,872224.11
2024-01-14,Sedan,Sul,5,626690.03,439825.58
2024-01-14,Pickup,Sudeste,5,948402.96,670056.29
2024-01-14,Sedan,Nordeste,4,437313.35,342450.53
2024-01-15,Sedan,Sul,7,835304.23,671887.23
2024-01-15,Hatch,Sudeste,5,452042.44,342481.04
2024-01-15,Hatch,Sudeste,3,254379.01,214330.02
2024-01-15,Pickup,Sul,4,732810.73,549863.8
2024-01-15,SUV,Centro-Oeste,4,698079.43,525655.79
2024-01-15,SUV,Centro-Oeste,4,686917.27,507626.7
2024-01-15,Hatch,Sul,7,617661.11,461040.25
2024-01-15,Pickup,Sudeste,4,752514.92,541794.01
2024-01-16,Sedan,Sul,2,230999.01,181836.5
2024-01-16,Sedan,Sul,2,249578.23,207127.36
2024-01-16,Sedan,Sudeste,7,807818.14,659696.89
2024-01-16,SUV,Centro-Oeste,7,1162428.79,917295.35
2024-01-16,Hatch,Sudeste,6,553162.3,434432.77
2024-01-16,Sedan,Sul,1,115466.75,85562.14
2024-01-16,Pickup,Nordeste,6,1204508.59,939699.72
2024-01-17,SUV,Nordeste,5,888995.19,719124.32
2024-01-17,SUV,Sul,3,506035.2,388423.32
2024-01-17,SUV,Sudeste,3,508253.28,371575.91
2024-01-17,Sedan,Sudeste,2,228893.86,164124.6
2024-01-17,SUV,Sul,2,349715.38,288412.27
2024-01-17,SUV,Centro-Oeste,1,176901.48,138715.65
2024-01-17,SUV,Nordeste,1,177928.81,137362.27
2024-01-17,Hatch,Nordeste,5,446870.89,360004.54
2024-01-17,Hatch,Nordeste,6,535998.36,454027.81
2024-01-18,SUV,Sul,6,1061880.13,757811.09
2024-01-18,SUV,Centro-Oeste,1,175877.72,143788.47
2024-01-18,Pickup,Sul,7,1369956.48,1102330.38
2024-01-18,Sedan,Centro-Oeste,2,249357.15,192956.92
2024-01-18,Pickup,Centro-Oeste,5,1047004.89,810269.45
2024-01-18,Sedan,Sul,3,355301.1,266914.44
2024-01-19,Hatch,Nordeste,7,604828.4,486675.25
2024-01-19,Pickup,Centro-Oeste,4,761480.07,635469.03
2024-01-19,Hatch,Nordeste,5,470684.95,371977.75
2024-01-19,Hatch,Nordeste,5,416403.12,308883.06
2024-01-19,Sedan,Sul,5,589384.38,459816.19
2024-01-19,Pickup,Sul,6,1145568.57,888402.85
2024-01-19,Sedan,Nordeste,1,109661.23,84677.31
2024-01-19,SUV,Nordeste,6,997430.38,754648.74
2024-01-19,Sedan,Sul,4,490046.49,398034.85
2024-01-19,Sedan,Centro-Oeste,7,823610.42,690684.86
2024-01-19,SUV,Sul,4,687842.67,529212.54
2024-01-19,Sedan,Sul,6,663955.82,478026.64
2024-01-19,Hatch,Nordeste,7,615353.52,479863.15
2024-01-20,SUV,Sul,3,518170.27,370870.2
2024-01-20,Hatch,Sudeste,4,325083.84,243264.1
2024-01-20,Hatch,Sul,2,176454.06,129690.64
2024-01-20,Sedan,Centro-Oeste,1,120223.84,98388.27
2024-01-20,Sedan,Sul,7,829609.14,672417.59
2024-01-20,Hatch,Centro-Oeste,1,88620.19,67069.17
2024-01-21,SUV,Centro-Oeste,2,356807.98,262843.66
2024-01-21,Hatch,Sudeste,6,535067.76,393587.29
2024-01-21,SUV,Sudeste,6,1031187.8,797284.99
2024-01-21,SUV,Nordeste,6,1018185.42,739208.76
2024-01-21,Hatch,Sudeste,7,571879.55,401880.56
2024-01-21,Sedan,Centro-Oeste,7,868972.89,683360.08
2024-01-21,Hatch,Centro-Oeste,7,644213.31,475870.98
2024-01-21,Pickup,Sul,3,613877.53,495870.99
2024-01-21,Hatch,Centro-Oeste,2,169559.44,138262.82
2024-01-22,SUV,Sul,4,693947.14,538601.21
2024-01-22,Sedan,Centro-Oeste,7,845110.99,688906.53
2024-01-22,SUV,Sudeste,6,997006.76,769859.72
2024-01-22,Hatch,Nordeste,1,85984.61,66048.24
2024-01-22,Sedan,Nordeste,2,251638.57,188314.5
2024-01-22,SUV,Centro-Oeste,1,165748.27,116091.19
2024-01-22,Sedan,Nordeste,7,815418.6,621166.43
2024-01-22,SUV,Nordeste,1,184969.64,150176.15
2024-01-22,SUV,Sul,5,908667.11,763962.84
2024-01-22,Pickup,Nordeste,3,623380.45,503840.69
2024-01-23,Hatch,Sudeste,5,418609.84,303303.09
2024-01-23,Sedan,Sudeste,5,561212.26,446199.54
2024-01-23,SUV,Centro-Oeste,1,185684.41,140909.73
2024-01-23,Pickup,Centro-Oeste,7,1409894.32,1177191.42
2024-01-23,Sedan,Sul,1,121456.97,94178.71
2024-01-23,Sedan,Sudeste,1,115046.68,89710.94
2024-01-23,Sedan,Centro-Oeste,3,353313.86,270189.44
2024-01-23,Hatch,Nordeste,3,256563.68,184954.4
2024-01-23,Hatch,Nordeste,5,438441.09,355671.81
2024-01-23,Hatch,Centro-Oeste,5,415238.05,310082.47
2024-01-23,Sedan,Nordeste,7,774034.13,565572.56
2024-01-23,SUV,Sul,5,928363.36,697490.78
2024-01-24,Sedan,Nordeste,7,862652.99,620353.86
2024-01-24,Pickup,Nordeste,5,980979.1,758251.35
2024-01-24,Pickup,Centro-Oeste,5,1008005.48,802545.89
2024-01-24,Hatch,Centro-Oeste,4,362673.67,286459.4
2024-01-24,Pickup,Nordeste,6,1243521.1,979283.77
2024-01-24,Pickup,Nordeste,7,1320465.22,1046128.72
2024-01-24,SUV,Sudeste,6,988328.73,729784.23
2024-01-24,Pickup,Centro-Oeste,3,623890.65,489610.65
2024-01-24,Pickup,Sudeste,5,1006085.8,727280.16
2024-01-24,Pickup,Nordeste,2,364135.29,259118.0
2024-01-25,Sedan,Sul,3,348345.33,249758.62
2024-01-25,Sedan,Sul,6,668122.65,551617.84
2024-01-25,Sedan,Nordeste,6,704034.51,555265.9
2024-01-25,Sedan,Nordeste,1,121396.49,88721.05
2024-01-25,Sedan,Sudeste,2,228005.97,173221.91
2024-01-25,Sedan,Sul,3,373839.85,287802.49
2024-01-25,Hatch,Sul,3,261314.83,191724.26
2024-01-25,Pickup,Nordeste,3,562340.38,442362.13
2024-01-25,Pickup,Sul,5,1037226.89,782441.52
2024-01-25,Hatch,Nordeste,6,503827.87,368752.69
2024-01-25,Sedan,Nordeste,1,125299.27,90503.59
2024-01-25,SUV,Sul,4,705787.53,513580.01
2024-01-26,Sedan,Centro-Oeste,5,575758.63,439890.15
2024-01-26,Pickup,Nordeste,6,1116925.14,813795.18
2024-01-26,Sedan,Sudeste,6,738349.0,581906.17
2024-01-26,Sedan,Sul,3,348477.6,271345.06
2024-01-26,Pickup,Sudeste,2,389820.72,317627.26
2024-01-26,Pickup,Sudeste,5,911325.5,740895.73
2024-01-26,SUV,Sul,3,538163.96,409709.67
2024-01-26,Hatch,Nordeste,4,369348.6,306577.46
2024-01-26,Pickup,Sudeste,1,186659.16,137131.25
2024-01-26,Hatch,Nordeste,5,445165.81,334270.86
2024-01-26,Sedan,Nordeste,3,359248.29,264308.82
2024-01-27,Hatch,Centro-Oeste,6,534858.99,439133.95
2024-01-27,Pickup,Centro-Oeste,4,800170.22,584722.5
2024-01-27,Hatch,Nordeste,2,162351.05,115728.1
2024-01-27,Hatch,Sudeste,3,247972.46,206180.82
2024-01-27,Sedan,Centro-Oeste,2,248136.18,204120.93
2024-01-27,Pickup,Nordeste,2,409506.44,308955.77
2024-01-28,Pickup,Centro-Oeste,5,951778.82,776723.07
2024-01-28,Sedan,Sul,5,566501.92,477146.44
2024-01-28,SUV,Centro-Oeste,1,185448.64,143373.06
2024-01-28,SUV,Nordeste,1,175089.02,136021.17
2024-01-28,Sedan,Centro-Oeste,2,238805.22,176401.39
2024-01-28,SUV,Sul,3,520158.02,374431.29
2024-01-28,Sedan,Sudeste,2,225803.06,158685.05
2024-01-28,SUV,Centro-Oeste,5,920032.35,712761.58
2024-01-28,SUV,Sudeste,5,897941.75,740318.2
2024-01-28,Hatch,Sudeste,2,165780.5,122603.4
2024-01-28,Hatch,Sul,3,267195.23,211104.95
2024-01-29,Sedan,Nordeste,2,248918.83,189879.16
2024-01-29,Pickup,Sul,2,385322.16,290178.69
2024-01-29,SUV,Nordeste,1,164235.56,129823.75
2024-01-29,SUV,Sudeste,5,923005.66,706633.76
2024-01-29,Pickup,Sudeste,3,566740.95,444869.37
2024-01-29,SUV,Nordeste,7,1314322.43,946640.98
2024-01-29,Pickup,Sudeste,2,361870.99,267545.55
2024-01-29,Hatch,Centro-Oeste,3,277279.52,233825.78
2024-01-29,Hatch,Sul,1,91407.31,65446.7
2024-01-29,Sedan,Centro-Oeste,1,115430.28,93006.66
2024-01-29,Pickup,Sul,1,187392.06,154198.43
2024-01-29,Sedan,Centro-Oeste,4,501674.36,351567.41
2024-01-29,Pickup,Nordeste,5,913737.31,765343.66
2024-01-30,SUV,Sudeste,7,1232525.83,878798.04
2024-01-30,Pickup,Centro-Oeste,3,605900.24,497434.51
2024-01-30,Hatch,Sudeste,6,537615.76,455407.06
2024-01-30,SUV,Sudeste,4,671890.62,569864.16
2024-01-30,Sedan,Sul,7,761564.85,600295.54
2024-01-31,Hatch,Sul,5,436941.68,326364.08
2024-01-31,Hatch,Sudeste,7,595099.48,499085.79
2024-01-31,SUV,Nordeste,7,1284319.61,1042558.88
2024-01-31,Pickup,Nordeste,3,568719.04,468816.33
2024-01-31,Sedan,Sul,7,801951.85,628811.71
2024-02-01,Hatch,Sudeste,3,256764.94,207649.66
2024-02-01,Pickup,Nordeste,7,1428835.17,1115577.66
2024-02-01,SUV,Sudeste,5,894495.34,745022.18
2024-02-01,SUV,Centro-Oeste,6,1039635.99,799783.05
2024-02-01,SUV,Sul,3,556850.84,433976.45
2024-02-01,Pickup,Centro-Oeste,3,546302.67,383189.16
2024-02-02,Sedan,Sul,5,583180.32,459029.15
2024-02-02,Pickup,Nordeste,1,203048.2,154857.76
2024-02-02,Hatch,Centro-Oeste,5,454428.35,318327.95
2024-02-02,Sedan,Sul,6,740104.76,597510.99
2024-02-02,Sedan,Sudeste,1,124386.1,87911.76
2024-02-03,Sedan,Centro-Oeste,4,447714.28,377196.67
2024-02-03,Sedan,Sudeste,3,355781.93,301471.67
2024-02-03,Hatch,Sul,3,279600.82,237207.11
2024-02-03,Hatch,Centro-Oeste,4,336510.27,283143.03
2024-02-03,Hatch,Sul,5,461068.37,331070.52
2024-02-04,Sedan,Sul,1,111355.89,90970.82
2024-02-04,SUV,Sudeste,5,895020.02,655556.16
2024-02-04,Sedan,Nordeste,4,503633.36,365680.27
2024-02-04,SUV,Nordeste,2,350524.06,297752.79
2024-02-04,Hatch,Centro-Oeste,3,252089.84,184926.21
2024-02-04,Hatch,Sudeste,1,93081.44,77166.28
2024-02-05,Pickup,Nordeste,3,551656.34,459701.97
2024-02-05,Sedan,Sul,4,434550.41,325633.7
2024-02-05,Sedan,Sudeste,3,328697.29,250226.72
2024-02-05,Hatch,Sul,3,272298.51,210862.89
2024-02-05,SUV,Sudeste,4,659822.64,550405.56
2024-02-05,Sedan,Sudeste,2,233825.27,180533.69
2024-02-05,Sedan,Nordeste,2,236567.48,189092.36
2024-02-05,Pickup,Nordeste,5,940054.24,781931.95
2024-02-05,Hatch,Centro-Oeste,4,369931.41,307077.89
2024-02-05,Sedan,Sudeste,3,336889.26,282823.1
2024-02-05,Pickup,Nordeste,3,607744.5,439879.86
2024-02-05,Hatch,Sudeste,2,174567.69,145216.0
2024-02-05,SUV,Sul,3,504518.64,421931.56
2024-02-06,Pickup,Sul,6,1216194.44,898528.41
2024-02-06,SUV,Centro-Oeste,5,893285.13,756771.45
2024-02-06,Sedan,Centro-Oeste,7,803463.62,563517.93
2024-02-06,Sedan,Nordeste,6,678601.04,476896.49
2024-02-06,Sedan,Centro-Oeste,2,228307.4,181480.02
2024-02-06,SUV,Sudeste,5,916488.94,665428.73
2024-02-07,SUV,Centro-Oeste,3,499476.58,407396.9
2024-02-07,Sedan,Sul,6,685355.37,543580.93
2024-02-07,Hatch,Sul,2,188734.01,151252.91
2024-02-07,Pickup,Centro-Oeste,3,551707.76,448946.39
2024-02-07,Hatch,Sudeste,3,276271.27,208798.93
2024-02-07,Pickup,Nordeste,3,601496.58,461278.95
2024-02-07,SUV,Sul,5,937480.99,670607.38
2024-02-07,Sedan,Nordeste,7,856146.0,688386.19
2024-02-08,Pickup,Sul,7,1402904.85,1119765.94
2024-02-08,Hatch,Nordeste,1,94003.69,66243.97
2024-02-08,Sedan,Sudeste,7,808885.64,643694.12
2024-02-08,SUV,Nordeste,1,173942.07,129898.68
2024-02-08,SUV,Centro-Oeste,6,1009252.65,738738.33
2024-02-08,Pickup,Sudeste,1,201447.72,158018.12
2024-02-08,Pickup,Centro-Oeste,3,627137.41,456448.68
2024-02-08,Sedan,Sudeste,5,553829.22,425370.78
2024-02-09,Pickup,Nordeste,3,611711.8,455190.17
2024-02-09,Pickup,Centro-Oeste,2,396999.02,325332.99
2024-02-09,Sedan,Sul,6,712619.34,563750.29
2024-02-09,Pickup,Centro-Oeste,1,186015.74,143927.67
2024-02-09,Hatch,Sul,6,512399.96,404047.66
2024-02-09,Pickup,Nordeste,5,922437.1,709990.41
2024-02-10,SUV,Nordeste,7,1270436.76,1014504.2
2024-02-10,Sedan,Sudeste,4,488149.27,344605.47
2024-02-10,SUV,Nordeste,1,168535.22,142917.76
2024-02-10,Pickup,Nordeste,6,1191268.03,959411.23
2024-02-10,SUV,Centro-Oeste,2,341628.91,265670.03
2024-02-10,Sedan,Sudeste,5,547425.77,450902.07
2024-02-11,SUV,Nordeste,2,376783.18,275100.28
2024-02-11,SUV,Sul,7,1171828.4,849719.0
2024-02-11,Sedan,Centro-Oeste,3,330707.88,275953.63
2024-02-11,Sedan,Sul,1,108935.48,85099.79
2024-02-11,SUV,Centro-Oeste,2,357766.45,292478.87
2024-02-11,Hatch,Nordeste,7,574570.85,479319.93
2024-02-11,Pickup,Sul,2,407029.95,314282.31
2024-02-11,Hatch,Sudeste,4,363505.83,258905.03
2024-02-11,SUV,Centro-Oeste,7,1256905.6,970195.18
2024-02-11,Hatch,Sul,3,282522.54,212042.88
2024-02-11,Pickup,Sudeste,7,1351067.62,954595.81
2024-02-11,Pickup,Sul,6,1209456.32,888065.33
2024-02-11,Pickup,Centro-Oeste,1,194798.31,138741.0
2024-02-11,Hatch,Nordeste,5,409873.39,288795.92
2024-02-12,Hatch,Centro-Oeste,1,92721.68,75018.83
2024-02-12,Sedan,Centro-Oeste,4,477271.07,386733.96
2024-02-12,SUV,Centro-Oeste,4,652331.79,541471.09
2024-02-12,Pickup,Sudeste,4,723527.33,549394.04
2024-02-12,Pickup,Sul,7,1449147.39,1106073.54
2024-02-13,Hatch,Nordeste,2,186633.81,136541.17
2024-02-13,Sedan,Sul,5,605980.17,436145.23
2024-02-13,Pickup,Centro-Oeste,6,1112342.96,818274.52
2024-02-13,SUV,Sul,7,1212062.89,861013.02
2024-02-13,Sedan,Sul,6,742040.99,568993.91
2024-02-13,Pickup,Nordeste,1,199878.64,142771.16
2024-02-13,Sedan,Nordeste,1,125449.42,92672.0
2024-02-13,Sedan,Sudeste,7,830139.99,655650.46
2024-02-13,Pickup,Sudeste,7,1355295.8,996694.79
2024-02-13,Hatch,Sul,6,512802.04,393481.54
2024-02-13,Pickup,Sul,1,192926.63,142246.18
2024-02-13,Hatch,Centro-Oeste,1,84409.13,63634.99
2024-02-13,Pickup,Sudeste,3,606276.18,484760.66
2024-02-13,Sedan,Sudeste,1,120696.94,92569.16
2024-02-14,Pickup,Nordeste,5,905128.16,767552.26
2024-02-14,Sedan,Nordeste,5,624294.51,440690.45
2024-02-14,Hatch,Nordeste,6,500580.85,357055.98
2024-02-14,Sedan,Sudeste,3,326244.93,235630.89
2024-02-14,Sedan,Sul,3,324266.76,273282.87
2024-02-14,SUV,Sudeste,1,177663.03,131139.07
2024-02-14,Hatch,Sul,7,630018.67,454210.51
2024-02-14,Pickup,Sul,5,921531.35,774982.96
2024-02-14,Pickup,Nordeste,2,371300.95,300614.31
2024-02-14,Sedan,Centro-Oeste,6,741759.36,538941.93
2024-02-15,Sedan,Nordeste,7,875021.39,702193.47
2024-02-15,SUV,Sul,1,184433.68,153023.03
2024-02-15,Sedan,Centro-Oeste,3,374271.23,300700.36
2024-02-15,Sedan,Sudeste,3,374807.27,308850.87
2024-02-15,Pickup,Sudeste,1,183197.79,146315.82
2024-02-15,SUV,Centro-Oeste,6,1023534.07,849498.27
2024-02-16,Pickup,Sudeste,1,182714.45,135812.17
2024-02-16,Hatch,Centro-Oeste,2,172911.79,129520.44
2024-02-16,SUV,Nordeste,6,1118022.86,929841.36
2024-02-16,Hatch,Nordeste,5,460203.81,330440.77
2024-02-16,SUV,Nordeste,1,170866.29,135758.62
2024-02-16,SUV,Nordeste,7,1265443.3,959565.05
2024-02-16,Sedan,Sudeste,1,117822.36,90330.04
2024-02-16,SUV,Sul,3,534879.34,428027.52
2024-02-16,SUV,Sul,6,1053072.14,822822.71
2024-02-16,Pickup,Centro-Oeste,2,388750.91,273620.9
2024-02-16,SUV,Sudeste,4,664091.12,517322.71
2024-02-16,Hatch,Centro-Oeste,4,356826.88,290718.45
2024-02-16,SUV,Sul,2,362636.51,282198.34
2024-02-17,Hatch,Nordeste,7,651739.5,463186.08
2024-02-17,Hatch,Sudeste,4,374059.87,265223.45
2024-02-17,Sedan,Sudeste,6,669012.3,485000.29
2024-02-17,Pickup,Centro-Oeste,5,942730.94,703365.42
2024-02-17,Hatch,Centro-Oeste,3,266527.75,190152.61
2024-02-17,SUV,Sul,2,338721.7,258116.9
2024-02-17,Sedan,Sul,3,330654.02,274083.21
2024-02-17,Hatch,Sudeste,7,634004.87,453967.48
2024-02-17,SUV,Sudeste,2,373558.63,285278.93
2024-02-18,Hatch,Sul,1,86042.38,67024.85
2024-02-18,Hatch,Nordeste,5,445608.8,366681.82
2024-02-18,SUV,Centro-Oeste,1,183431.08,146192.9
2024-02-18,Pickup,Sul,1,205195.84,171339.24
2024-02-18,Pickup,Sudeste,2,375338.7,279743.34
2024-02-18,Pickup,Nordeste,4,770848.59,616781.0
2024-02-18,SUV,Nordeste,4,664168.03,507153.21
2024-02-18,Sedan,Nordeste,1,121263.73,100578.51
2024-02-18,Hatch,Sudeste,1,83409.02,62293.26
2024-02-18,Hatch,Centro-Oeste,7,618662.91,454588.59
2024-02-19,SUV,Sudeste,2,338825.17,267521.8
2024-02-19,SUV,Nordeste,2,347122.78,280350.13
2024-02-19,Sedan,Nordeste,7,798977.34,657403.4
2024-02-19,Pickup,Sul,6,1184109.65,877572.19
2024-02-19,SUV,Centro-Oeste,5,930715.77,678287.13
2024-02-19,Pickup,Sudeste,3,570920.44,452496.34
2024-02-19,Sedan,Sudeste,4,436868.1,358255.21
2024-02-19,Hatch,Centro-Oeste,5,423302.45,333952.53
2024-02-19,Hatch,Sul,4,341514.02,256118.54
2024-02-19,SUV,Sul,7,1205532.04,909503.57
2024-02-19,Hatch,Sul,7,610961.93,433185.05
2024-02-19,Pickup,Sul,4,835399.89,664346.75
2024-02-19,Hatch,Sudeste,7,617635.72,441301.63
2024-02-20,Hatch,Centro-Oeste,4,342768.86,274124.86
2024-02-20,Pickup,Nordeste,6,1122235.57,852783.88
2024-02-20,Pickup,Sul,5,1010577.03,823913.32
2024-02-20,Sedan,Sudeste,6,704263.46,558859.72
2024-02-20,SUV,Centro-Oeste,7,1297425.69,1026617.87
2024-02-20,Pickup,Sul,4,805049.36,567901.19
2024-02-20,Sedan,Nordeste,2,228300.28,172854.46
2024-02-20,SUV,Nordeste,1,176952.66,131976.36
2024-02-20,Pickup,Sul,7,1457901.27,1211516.69
2024-02-20,SUV,Nordeste,6,1052508.08,893393.81
2024-02-20,Sedan,Centro-Oeste,2,234041.51,177772.5
2024-02-20,SUV,Sul,5,861384.14,716409.88
2024-02-20,SUV,Sul,6,994887.04,728055.73
2024-02-21,Hatch,Sudeste,3,250027.74,201082.98
2024-02-21,SUV,Sul,4,709888.47,596242.15
2024-02-21,SUV,Sudeste,5,926371.96,776682.83
2024-02-21,SUV,Sudeste,6,1117518.38,921282.0
2024-02-21,Pickup,Nordeste,3,575879.67,415759.84
2024-02-21,Sedan,Sul,5,542323.07,390621.72
2024-02-21,Pickup,Sudeste,4,813206.84,584130.75
2024-02-21,Pickup,Sudeste,7,1366289.79,1046477.9
2024-02-21,Pickup,Nordeste,6,1080059.85,758907.48
2024-02-21,SUV,Centro-Oeste,7,1162732.7,824612.87
2024-02-21,Hatch,Sul,2,167717.39,129593.59
2024-02-21,SUV,Sudeste,7,1265361.66,1072459.6
2024-02-21,Hatch,Sudeste,3,246022.51,201099.88
2024-02-22,Hatch,Centro-Oeste,4,357374.79,284105.25
2024-02-22,Pickup,Sudeste,5,992282.92,740181.58
2024-02-22,Pickup,Centro-Oeste,4,821761.91,664515.81
2024-02-22,Sedan,Centro-Oeste,7,812672.87,592595.67
2024-02-22,Hatch,Nordeste,4,350008.28,254292.59
2024-02-22,Sedan,Sul,5,540992.81,412465.42
2024-02-22,Hatch,Sudeste,6,550017.36,433040.89
2024-02-23,SUV,Centro-Oeste,7,1250981.21,936390.78
2024-02-23,SUV,Sul,5,941742.96,772446.36
2024-02-23,Sedan,Centro-Oeste,4,458741.42,339412.53
2024-02-23,Hatch,Nordeste,5,461994.1,330192.91
2024-02-23,SUV,Sul,4,741383.32,546044.9
2024-02-23,SUV,Centro-Oeste,3,516446.95,392071.78
2024-02-23,SUV,Sul,5,939090.0,676118.27
2024-02-23,Pickup,Sudeste,1,208284.93,171071.19
2024-02-23,Pickup,Sudeste,1,205226.15,144841.22
2024-02-23,Pickup,Centro-Oeste,5,1023769.83,792723.22
2024-02-23,Pickup,Nordeste,6,1194600.54,946231.19
2024-02-24,Pickup,Sudeste,3,549512.41,466119.12
2024-02-24,Hatch,Sudeste,5,407566.47,330915.89
2024-02-24,Sedan,Sudeste,3,327847.86,230088.96
2024-02-24,Sedan,Centro-Oeste,5,574883.57,442253.36
2024-02-24,Pickup,Nordeste,4,812958.42,649720.92
2024-02-24,Pickup,Nordeste,3,577091.78,451541.08
2024-02-24,SUV,Centro-Oeste,2,325131.03,231599.2
2024-02-24,Pickup,Sudeste,7,1424321.83,1045703.42
2024-02-24,Sedan,Sul,7,781916.6,561578.72
2024-02-24,SUV,Centro-Oeste,6,983219.2,829811.42
2024-02-24,Hatch,Sul,7,658522.19,539861.19
2024-02-25,SUV,Sul,5,888627.06,721752.65
2024-02-25,Pickup,Centro-Oeste,4,738796.61,522004.39
2024-02-25,Sedan,Centro-Oeste,2,224086.16,169369.94
2024-02-25,Hatch,Sul,4,344987.25,249961.4
2024-02-25,Pickup,Sul,4,734580.17,535964.8
2024-02-25,SUV,Sudeste,5,848597.42,697879.76
2024-02-25,Hatch,Nordeste,1,84488.83,66036.68
2024-02-25,Sedan,Sudeste,6,697738.27,576540.98
2024-02-25,Pickup,Sul,7,1297924.87,919032.99
2024-02-25,Pickup,Sul,6,1257240.55,1056846.73
2024-02-25,Sedan,Sudeste,2,219885.97,176523.29
2024-02-25,Pickup,Nordeste,2,372810.68,289255.57
2024-02-26,Pickup,Sudeste,6,1177602.7,928601.14
2024-02-26,Pickup,Nordeste,7,1282245.45,926724.19
2024-02-26,SUV,Nordeste,4,716719.47,583530.22
2024-02-26,Hatch,Centro-Oeste,2,177067.14,145507.2
2024-02-26,Pickup,Sudeste,3,629262.9,449845.39
2024-02-26,Pickup,Centro-Oeste,2,399453.62,298247.79
2024-02-26,Sedan,Centro-Oeste,6,714526.43,520320.8
2024-02-26,Sedan,Centro-Oeste,5,588482.61,458206.61
2024-02-26,SUV,Sul,2,325906.81,264590.73
2024-02-26,SUV,Sudeste,2,364968.53,292616.01
2024-02-26,Pickup,Nordeste,7,1324176.89,1101049.92
2024-02-26,Sedan,Sul,4,459747.06,366190.73
2024-02-27,Pickup,Sul,3,552404.06,441622.91
2024-02-27,SUV,Centro-Oeste,7,1134608.25,899674.45
2024-02-27,Pickup,Centro-Oeste,1,191630.21,145705.85
2024-02-27,Hatch,Centro-Oeste,5,448356.97,318211.52
2024-02-27,Pickup,Sul,7,1407618.12,996481.86
2024-02-27,Pickup,Sul,6,1224898.02,907004.04
2024-02-27,Pickup,Nordeste,1,199094.72,143816.06
2024-02-27,Pickup,Sudeste,4,814187.64,656359.11
2024-02-27,Hatch,Centro-Oeste,3,260828.06,188348.61
2024-02-27,Hatch,Sudeste,7,589288.54,445333.19
2024-02-27,Sedan,Nordeste,4,484967.74,412102.37
2024-02-27,Pickup,Sul,5,926022.01,736773.66
2024-02-27,Pickup,Centro-Oeste,7,1284850.6,978395.4
2024-02-27,SUV,Centro-Oeste,3,545938.9,459979.13
2024-02-28,Sedan,Centro-Oeste,5,628168.2,455292.62
2024-02-28,Hatch,Sudeste,6,553367.46,410023.5
2024-02-28,Sedan,Nordeste,5,610432.37,432442.76
2024-02-28,Hatch,Sul,2,185563.72,153329.45
2024-02-28,Sedan,Centro-Oeste,1,115833.25,97369.77
2024-02-28,Pickup,Sul,2,364836.09,295222.04
2024-02-28,SUV,Nordeste,1,183065.75,128339.05
2024-02-28,Sedan,Sul,6,713904.32,514227.5
2024-02-28,Hatch,Centro-Oeste,1,93914.3,66711.43
2024-02-29,SUV,Sul,4,677777.74,502465.01
2024-02-29,SUV,Centro-Oeste,2,338685.29,275659.25
2024-02-29,SUV,Sudeste,5,846198.77,612188.65
2024-02-29,Pickup,Centro-Oeste,3,545638.79,456135.27
2024-02-29,Sedan,Sudeste,4,454693.65,370929.37
2024-02-29,SUV,Nordeste,7,1138124.62,910008.54
2024-02-29,Pickup,Centro-Oeste,7,1445248.48,1096968.42
2024-02-29,SUV,Centro-Oeste,6,1090393.0,923775.02
2024-02-29,SUV,Sudeste,3,544737.61,396938.64
2024-02-29,Sedan,Nordeste,3,376488.29,297907.31
2024-02-29,Sedan,Sudeste,1,108396.63,87584.61
2024-02-29,Hatch,Sul,1,92483.32,72523.88
2024-02-29,Sedan,Centro-Oeste,5,560466.85,426289.23
2024-02-29,Hatch,Sudeste,7,633890.42,495404.84
2024-03-01,SUV,Sul,2,350173.6,253829.0
2024-03-01,SUV,Sul,1,180063.6,138530.91
2024-03-01,Pickup,Nordeste,5,1012392.56,752803.09
2024-03-01,Hatch,Centro-Oeste,6,551318.69,423901.21
2024-03-01,Pickup,Nordeste,7,1364423.75,1024636.69
2024-03-01,Sedan,Centro-Oeste,2,227887.74,185389.58
2024-03-01,SUV,Nordeste,5,899049.96,651130.62
2024-03-01,SUV,Nordeste,5,870917.31,738318.8
2024-03-01,SUV,Sudeste,7,1238425.07,884387.56
2024-03-01,Hatch,Centro-Oeste,4,353089.9,273528.81
2024-03-02,Hatch,Centro-Oeste,7,644688.75,488070.0
2024-03-02,Hatch,Sudeste,3,250922.18,182673.48
2024-03-02,Pickup,Centro-Oeste,4,815142.53,641222.91
2024-03-02,Sedan,Centro-Oeste,7,836977.01,610471.04
2024-03-02,SUV,Centro-Oeste,2,332529.56,267481.75
2024-03-02,Pickup,Sul,7,1388829.36,1047823.3
2024-03-02,Hatch,Sul,3,282832.62,203952.51
2024-03-02,Sedan,Nordeste,5,605937.17,498720.6
2024-03-02,Sedan,Centro-Oeste,6,714452.19,509061.2
2024-03-02,Pickup,Sudeste,4,808767.64,604917.78
2024-03-03,Hatch,Sudeste,7,578570.0,467934.59
2024-03-03,SUV,Centro-Oeste,4,743248.2,567933.38
2024-03-03,Hatch,Centro-Oeste,3,270817.87,193351.66
2024-03-03,Pickup,Sudeste,4,826830.97,588630.05
2024-03-03,Sedan,Nordeste,5,570315.65,424584.87
2024-03-04,SUV,Sul,3,547526.18,464417.09
2024-03-04,SUV,Nordeste,4,697600.64,525760.49
2024-03-04,SUV,Sul,3,557265.58,434006.92
2024-03-04,Pickup,Sudeste,4,819117.39,585747.26
2024-03-04,Sedan,Nordeste,4,497185.91,403193.26
2024-03-04,SUV,Sul,3,538742.95,427298.2
2024-03-04,SUV,Sudeste,5,918836.44,759474.0
2024-03-04,Hatch,Nordeste,1,82704.57,66281.65
2024-03-04,SUV,Nordeste,4,721620.3,523225.09
2024-03-04,Pickup,Centro-Oeste,1,205111.23,152170.26
2024-03-05,Pickup,Sul,1,186465.9,140605.85
2024-03-05,Sedan,Nordeste,1,113471.04,90546.98
2024-03-05,SUV,Centro-Oeste,4,673138.42,552720.29
2024-03-05,Pickup,Sudeste,7,1314660.24,1099160.15
2024-03-05,Hatch,Nordeste,7,582978.16,442167.89
2024-03-05,SUV,Sul,6,1112059.3,869627.3
2024-03-05,Hatch,Nordeste,6,550990.7,425287.96
2024-03-06,Sedan,Centro-Oeste,6,747152.27,554391.17
2024-03-06,Pickup,Sudeste,3,627549.87,517042.01
2024-03-06,Hatch,Sudeste,4,324972.35,274413.66
2024-03-06,Hatch,Sudeste,3,268443.64,209359.57
2024-03-06,Hatch,Nordeste,4,330079.34,265896.37
2024-03-07,Pickup,Sudeste,6,1088302.24,854399.55
2024-03-07,Pickup,Sudeste,6,1187704.35,884347.64
2024-03-07,Hatch,Sul,6,534503.47,379323.05
2024-03-07,Pickup,Centro-Oeste,2,400068.28,315647.17
2024-03-07,Sedan,Centro-Oeste,7,834898.2,650968.02
2024-03-07,SUV,Sudeste,6,1041527.58,770903.83
2024-03-07,SUV,Sul,5,880395.17,624680.99
2024-03-07,Pickup,Sudeste,3,583953.72,473373.24
2024-03-08,Sedan,Sudeste,4,494535.71,350973.49
2024-03-08,Pickup,Sudeste,5,1004167.57,715299.75
2024-03-08,SUV,Centro-Oeste,6,1097368.5,867237.73
2024-03-08,SUV,Centro-Oeste,5,833028.56,701590.19
2024-03-08,SUV,Centro-Oeste,1,180971.11,133125.07
2024-03-08,Hatch,Centro-Oeste,4,336645.96,275380.62
2024-03-08,Hatch,Sul,4,375328.68,296546.31
2024-03-08,Hatch,Sudeste,1,84630.95,64408.02
2024-03-08,SUV,Sudeste,2,343540.07,264826.11
2024-03-08,SUV,Nordeste,3,508421.96,429987.65
2024-03-08,Sedan,Sudeste,1,119205.35,91843.14
2024-03-08,Pickup,Sudeste,4,744839.11,579101.9
2024-03-08,SUV,Sudeste,6,980018.49,808512.86
2024-03-09,Pickup,Sudeste,2,387771.12,296947.67
2024-03-09,Pickup,Sul,2,377609.33,317102.37
2024-03-09,Sedan,Centro-Oeste,5,565610.61,465345.38
2024-03-09,Sedan,Nordeste,3,351400.24,292060.47
2024-03-09,Sedan,Centro-Oeste,3,326422.09,250558.19
2024-03-09,Hatch,Sul,5,431633.89,329455.02
2024-03-09,Pickup,Centro-Oeste,5,1007104.9,796807.08
2024-03-09,Pickup,Sudeste,5,1007764.38,849651.16
2024-03-10,Pickup,Sudeste,3,540189.35,436276.26
2024-03-10,Hatch,Nordeste,1,89151.24,71587.42
2024-03-10,SUV,Centro-Oeste,6,1101657.49,880664.64
2024-03-10,Sedan,Nordeste,7,808787.42,657282.7
2024-03-10,Sedan,Centro-Oeste,2,227558.92,184886.53
2024-03-10,SUV,Nordeste,5,901620.44,680081.48
2024-03-10,Hatch,Sudeste,2,175558.15,126547.7
2024-03-10,Sedan,Sudeste,7,866086.02,700313.66
2024-03-10,Hatch,Sudeste,2,176309.77,145341.43
2024-03-11,SUV,Sudeste,1,173394.93,129050.23
2024-03-11,Sedan,Nordeste,5,575943.19,481788.11
2024-03-11,SUV,Sudeste,7,1198858.63,970327.43
2024-03-11,Sedan,Sul,4,459892.27,380687.87
2024-03-11,Pickup,Nordeste,5,941307.18,702165.29
2024-03-11,SUV,Sul,4,672438.14,509463.31
2024-03-11,Hatch,Centro-Oeste,4,373498.3,285594.65
2024-03-11,Pickup,Nordeste,2,382203.14,269114.22
2024-03-11,Pickup,Sudeste,7,1367453.09,991190.51
2024-03-11,Hatch,Centro-Oeste,5,465081.55,349686.27
2024-03-11,Pickup,Nordeste,5,977585.91,739872.74
2024-03-11,Hatch,Nordeste,7,573776.77,436899.07
2024-03-12,Sedan,Sul,5,587797.68,485672.83
2024-03-12,Pickup,Centro-Oeste,6,1161720.29,933141.53
2024-03-12,Sedan,Sul,5,560563.81,474583.31
2024-03-12,Hatch,Nordeste,5,430933.95,304174.47
2024-03-12,SUV,Nordeste,3,498962.02,351021.19
2024-03-13,SUV,Sul,5,922789.83,697222.67
2024-03-13,Pickup,Sudeste,3,619956.33,490039.17
2024-03-13,Pickup,Sudeste,1,182646.05,144478.8
2024-03-13,SUV,Centro-Oeste,1,172408.82,129489.04
2024-03-13,Pickup,Sudeste,5,971681.77,757754.98
2024-03-13,Sedan,Sul,5,615028.5,471152.54
2024-03-13,SUV,Sul,5,836274.22,592623.33
2024-03-13,SUV,Nordeste,4,673384.02,555274.67
2024-03-13,Pickup,Nordeste,1,197414.03,142311.73
2024-03-14,Sedan,Nordeste,2,233600.32,177598.57
2024-03-14,Sedan,Nordeste,4,453635.24,339715.39
2024-03-14,Pickup,Sul,3,558118.09,423762.69
2024-03-14,Pickup,Sudeste,1,201326.54,168317.33
2024-03-14,Hatch,Centro-Oeste,3,279832.91,226194.95
2024-03-14,Sedan,Nordeste,4,434734.67,352951.95
2024-03-14,Hatch,Centro-Oeste,5,458609.22,339996.89
2024-03-15,Pickup,Sul,1,208473.36,161970.33
2024-03-15,Pickup,Centro-Oeste,4,823625.7,649272.15
2024-03-15,SUV,Centro-Oeste,6,1056635.95,828832.38
2024-03-15,Hatch,Nordeste,3,263706.66,204069.09
2024-03-15,SUV,Sudeste,3,558450.66,429111.75
2024-03-15,Pickup,Nordeste,7,1420550.84,1116594.64
2024-03-15,Sedan,Nordeste,7,769767.29,637439.9
2024-03-15,Sedan,Sudeste,1,113371.83,83448.17
2024-03-15,Hatch,Sul,3,261156.92,202805.29
2024-03-15,SUV,Sudeste,7,1272731.63,1036499.22
2024-03-15,SUV,Sudeste,6,1089078.53,875488.3
2024-03-15,SUV,Centro-Oeste,6,1076404.18,885848.0
2024-03-15,Sedan,Centro-Oeste,3,335378.07,282930.71
2024-03-15,Hatch,Nordeste,3,251126.37,213255.83
2024-03-16,Hatch,Sul,7,571173.3,429103.86
2024-03-16,Sedan,Sudeste,7,773999.14,629272.28
2024-03-16,Sedan,Centro-Oeste,1,121790.09,100706.79
2024-03-16,SUV,Nordeste,7,1226161.66,872594.75
2024-03-16,Pickup,Centro-Oeste,6,1084409.72,808883.55
2024-03-16,Pickup,Nordeste,6,1225482.34,1032043.88
2024-03-16,SUV,Sudeste,5,823627.06,683891.84
2024-03-16,SUV,Centro-Oeste,1,175516.86,143779.43
2024-03-16,Pickup,Sul,4,737423.58,594744.29
2024-03-16,Pickup,Nordeste,7,1308800.71,971327.33
2024-03-16,Pickup,Nordeste,6,1107419.33,819407.47
2024-03-16,SUV,Sudeste,7,1224046.59,898333.12
2024-03-17,SUV,Sudeste,5,891471.57,671877.26
2024-03-17,Sedan,Sudeste,6,668287.03,539955.01
2024-03-17,Pickup,Sul,2,395151.89,313639.0
2024-03-17,Pickup,Centro-Oeste,2,374515.9,302269.12
2024-03-17,Pickup,Sudeste,7,1376025.2,1070582.67
2024-03-17,Sedan,Nordeste,7,846802.55,643753.56
2024-03-17,Hatch,Sul,2,165613.37,131568.83
2024-03-17,Hatch,Sudeste,4,345732.12,247340.99
2024-03-17,Sedan,Sul,5,544216.67,403496.08
2024-03-17,SUV,Sudeste,7,1244237.37,958119.02
2024-03-17,SUV,Sudeste,4,728017.64,544149.88
2024-03-17,Hatch,Sudeste,1,82754.05,64941.05
2024-03-17,SUV,Centro-Oeste,4,733204.71,611332.02
2024-03-18,Sedan,Sul,4,480610.08,344791.31
2024-03-18,Hatch,Sul,5,431166.29,342737.01
2024-03-18,Pickup,Nordeste,2,368346.95,271889.67
2024-03-18,Hatch,Sudeste,5,470208.21,382822.68
2024-03-18,Sedan,Centro-Oeste,7,874941.77,647758.94
2024-03-18,Pickup,Nordeste,3,597973.43,422903.49
2024-03-18,Sedan,Sul,7,819050.54,626499.44
2024-03-19,Pickup,Sul,3,573283.19,405800.37
2024-03-19,Sedan,Sudeste,2,235874.5,179823.55
2024-03-19,SUV,Centro-Oeste,1,179748.54,138557.78
2024-03-19,Pickup,Sul,1,203887.22,165781.4
2024-03-19,Sedan,Sul,1,110458.82,88118.07
2024-03-19,SUV,Nordeste,4,753255.92,533176.98
2024-03-20,SUV,Sul,1,186035.81,138245.33
2024-03-20,Hatch,Sudeste,1,92114.68,75285.54
2024-03-20,Sedan,Centro-Oeste,7,861270.51,604787.6
2024-03-20,Sedan,Sul,2,216695.79,155729.57
2024-03-20,SUV,Nordeste,1,181877.41,136323.74
2024-03-20,Pickup,Sul,4,721190.86,555038.78
2024-03-20,Pickup,Sul,4,767717.71,625188.12
2024-03-20,Hatch,Centro-Oeste,7,587771.61,423035.53
2024-03-20,Pickup,Nordeste,6,1083050.58,883253.45
2024-03-20,SUV,Sudeste,2,333813.92,255476.52
2024-03-20,Pickup,Sudeste,1,203194.26,158022.97
2024-03-20,Pickup,Sudeste,6,1182716.93,928685.75
2024-03-21,Pickup,Sudeste,7,1444643.57,1157646.37
2024-03-21,Pickup,Nordeste,1,198184.4,147384.11
2024-03-21,Sedan,Sul,3,340357.45,241604.17
2024-03-21,Sedan,Sudeste,2,237718.51,183283.38
2024-03-21,Pickup,Nordeste,4,726941.33,613297.48
2024-03-21,Sedan,Nordeste,5,587766.36,468828.08
2024-03-21,Hatch,Nordeste,4,365954.11,267419.94
2024-03-21,SUV,Centro-Oeste,7,1160611.76,920785.32
2024-03-21,SUV,Nordeste,5,847292.04,717866.48
2024-03-22,Pickup,Centro-Oeste,7,1294415.01,1030901.68
2024-03-22,Sedan,Sudeste,7,871603.22,648102.95
2024-03-22,Pickup,Sudeste,7,1272732.07,1022640.17
2024-03-22,SUV,Sudeste,2,324423.45,257799.29
2024-03-22,Hatch,Centro-Oeste,6,519667.02,387301.33
2024-03-22,SUV,Nordeste,5,938124.61,792102.26
2024-03-22,SUV,Sul,6,1102728.41,847942.71
2024-03-22,SUV,Sul,5,871910.72,683692.37
2024-03-22,SUV,Sudeste,4,744948.86,596817.53
2024-03-22,Sedan,Centro-Oeste,3,366829.72,303759.85
2024-03-22,Pickup,Centro-Oeste,6,1099600.8,874711.32
2024-03-22,Pickup,Centro-Oeste,3,628302.94,493488.58
2024-03-23,Sedan,Sul,3,333509.16,244159.9
2024-03-23,SUV,Sul,6,1002797.44,821180.06
2024-03-23,Hatch,Sudeste,2,180854.4,137319.29
2024-03-23,Pickup,Sul,2,405438.61,293639.21
2024-03-23,Pickup,Sul,4,749680.84,596815.13
2024-03-23,Hatch,Sudeste,3,281886.8,229607.19
2024-03-23,Sedan,Sul,4,432871.42,303596.87
2024-03-23,Sedan,Centro-Oeste,4,448464.73,356598.77
2024-03-23,Pickup,Sul,4,741346.57,576176.44
2024-03-24,Sedan,Nordeste,1,115249.76,96140.94
2024-03-24,Sedan,Sul,4,452799.72,343980.85
2024-03-24,Hatch,Sul,3,263034.35,204353.5
2024-03-24,Hatch,Sudeste,3,258894.56,210517.45
2024-03-24,Hatch,Nordeste,1,86998.93,64495.11
2024-03-24,Sedan,Sul,5,562590.12,441414.46
2024-03-24,Hatch,Sul,4,369752.67,308867.52
2024-03-24,SUV,Sudeste,4,658994.8,511309.9
2024-03-24,Hatch,Sudeste,1,84087.37,70923.33
2024-03-24,SUV,Sul,5,840360.18,642629.39
2024-03-25,Hatch,Sudeste,3,256216.71,211621.92
2024-03-25,Sedan,Centro-Oeste,7,868655.88,731380.87
2024-03-25,Pickup,Sudeste,5,1014466.25,835386.71
2024-03-25,Pickup,Nordeste,2,372280.81,293606.53
2024-03-25,Sedan,Centro-Oeste,3,356065.33,250998.09
2024-03-25,SUV,Sudeste,3,491589.62,413484.72
2024-03-25,Sedan,Sudeste,3,329132.86,271209.43
2024-03-25,Hatch,Sudeste,4,361455.38,294827.74
2024-03-25,SUV,Centro-Oeste,3,527768.41,406114.65
2024-03-25,Sedan,Centro-Oeste,4,462616.43,326438.65
2024-03-25,SUV,Sudeste,6,1058187.51,834449.28
2024-03-25,Pickup,Sul,6,1089834.2,921958.02
2024-03-26,Hatch,Sul,5,425516.12,312568.18
2024-03-26,Hatch,Sul,7,585060.72,436755.25
2024-03-26,Hatch,Nordeste,4,364062.4,301175.65
2024-03-26,Hatch,Sul,2,186193.1,153181.81
2024-03-26,Pickup,Nordeste,3,556345.26,420397.37
2024-03-26,Hatch,Nordeste,6,518865.84,380366.68
2024-03-26,SUV,Sudeste,6,1067683.33,853241.42
2024-03-26,Hatch,Nordeste,7,638236.91,448744.82
2024-03-26,SUV,Nordeste,6,1066571.19,898941.68
2024-03-26,SUV,Sul,1,171766.18,144692.61
2024-03-26,Hatch,Sudeste,3,273739.71,195827.2
2024-03-27,Hatch,Sudeste,3,257955.87,216667.13
2024-03-27,Pickup,Sul,7,1410008.59,1084659.58
2024-03-27,Sedan,Nordeste,7,771765.78,638690.78
2024-03-27,Sedan,Sudeste,2,245054.55,178714.88
2024-03-27,Sedan,Sul,6,719835.79,520872.42
2024-03-28,Hatch,Sudeste,4,360236.99,275688.87
2024-03-28,Pickup,Sudeste,1,191415.53,138672.0
2024-03-28,Pickup,Centro-Oeste,4,766122.6,539181.01
2024-03-28,Pickup,Nordeste,6,1206665.96,1020282.61
2024-03-28,Sedan,Nordeste,4,472246.61,366068.18
2024-03-29,Sedan,Sudeste,1,117733.22,89999.91
2024-03-29,Sedan,Nordeste,6,660797.17,557862.82
2024-03-29,SUV,Nordeste,3,518120.85,372921.24
2024-03-29,SUV,Sudeste,4,721132.46,572402.05
2024-03-29,SUV,Centro-Oeste,6,1080977.89,885863.77
2024-03-29,Hatch,Sul,7,621030.0,512302.89
2024-03-29,Hatch,Nordeste,2,168682.77,122197.55
2024-03-29,Sedan,Sudeste,4,452709.56,337728.79
2024-03-29,Hatch,Centro-Oeste,1,93622.42,71581.93
2024-03-29,Pickup,Sul,5,910252.98,744190.05
2024-03-30,Pickup,Sudeste,3,600978.69,427185.66
2024-03-30,SUV,Nordeste,7,1312500.78,1045092.08
2024-03-30,SUV,Nordeste,7,1155960.09,944592.08
2024-03-30,Pickup,Sul,5,915205.93,678788.03
2024-03-30,SUV,Nordeste,2,373395.48,262019.86
2024-03-30,SUV,Sudeste,2,333685.69,282165.12
2024-03-31,Pickup,Sul,1,202136.55,162858.01
2024-03-31,Sedan,Sudeste,3,352064.03,250354.96
2024-03-31,Hatch,Sul,2,175042.07,129580.16
2024-03-31,Pickup,Centro-Oeste,2,401386.73,289637.17
2024-03-31,Hatch,Nordeste,3,246061.14,207359.04
2024-03-31,Hatch,Sudeste,6,542359.6,416913.63
2024-03-31,Hatch,Nordeste,2,169219.85,118837.45
2024-03-31,Hatch,Sul,7,620265.87,476117.92
2024-03-31,Pickup,Centro-Oeste,6,1136323.33,841634.28
2024-04-01,Sedan,Centro-Oeste,1,110107.19,84492.15
2024-04-01,Sedan,Nordeste,3,363772.9,302822.42
2024-04-01,Hatch,Centro-Oeste,6,536641.59,405718.87
2024-04-01,Sedan,Centro-Oeste,1,108277.11,85261.61
2024-04-01,Sedan,Sudeste,4,499654.91,366283.3
2024-04-01,Sedan,Sudeste,6,668362.39,535270.77
2024-04-02,Sedan,Sul,2,242741.7,181827.3
2024-04-02,Pickup,Nordeste,5,1037182.3,793551.44
2024-04-02,Hatch,Centro-Oeste,5,439609.03,336634.02
2024-04-02,Hatch,Centro-Oeste,4,357117.75,284141.89
2024-04-02,SUV,Sul,4,670034.66,534754.07
2024-04-02,Sedan,Nordeste,7,849079.12,596106.04
2024-04-02,Hatch,Sudeste,1,81213.48,57789.22
2024-04-02,SUV,Centro-Oeste,3,523174.18,423724.01
2024-04-02,SUV,Sudeste,3,534179.06,403748.59
2024-04-02,Hatch,Sul,2,183737.44,151298.15
2024-04-03,SUV,Nordeste,2,351735.0,259581.69
2024-04-03,Hatch,Sul,3,274215.07,209534.41
2024-04-03,Sedan,Sul,3,353069.92,261387.56
2024-04-03,Pickup,Sudeste,6,1234768.29,870821.8
2024-04-03,Hatch,Sudeste,2,179016.67,131981.39
2024-04-03,Pickup,Sul,2,389965.91,304272.39
2024-04-03,Hatch,Sudeste,7,573048.6,472026.71
2024-04-03,SUV,Centro-Oeste,3,534506.48,390277.82
2024-04-03,SUV,Centro-Oeste,7,1144617.28,885549.59
2024-04-03,Pickup,Centro-Oeste,7,1319018.0,1064373.66
2024-04-03,SUV,Sul,1,169026.39,122362.23
2024-04-03,Pickup,Sudeste,5,1017978.36,856506.32
2024-04-04,Hatch,Nordeste,5,460787.95,353392.18
2024-04-04,Pickup,Sudeste,1,189294.21,139603.25
2024-04-04,Pickup,Sul,7,1313525.27,1065767.64
2024-04-04,SUV,Centro-Oeste,1,184359.15,135026.31
2024-04-04,Hatch,Centro-Oeste,5,427055.12,321642.43
2024-04-04,SUV,Sul,7,1177807.1,880753.95
2024-04-05,SUV,Nordeste,5,877922.88,640075.54
2024-04-05,SUV,Sudeste,2,371756.33,279455.63
2024-04-05,Pickup,Nordeste,6,1159057.91,917489.39
2024-04-05,Sedan,Nordeste,5,576998.42,466381.7
2024-04-05,Pickup,Nordeste,7,1350217.8,1095153.45
2024-04-05,Sedan,Sul,5,605916.09,470942.23
2024-04-05,SUV,Sul,1,171321.21,130569.06
2024-04-05,Pickup,Sul,3,561738.32,423067.99
2024-04-05,Pickup,Nordeste,4,734209.8,537283.1
2024-04-05,Hatch,Sul,7,572455.69,434296.33
2024-04-05,Hatch,Sul,7,637817.4,501188.51
2024-04-05,Hatch,Sudeste,1,86612.96,66201.9
2024-04-05,Hatch,Nordeste,2,173120.35,140753.63
2024-04-06,SUV,Nordeste,5,927521.14,737112.96
2024-04-06,Pickup,Nordeste,5,1004494.09,777835.59
2024-04-06,Sedan,Sudeste,7,773998.09,622148.21
2024-04-06,Hatch,Sudeste,5,456624.07,366137.0
2024-04-06,SUV,Sudeste,7,1213242.34,852567.97
2024-04-06,Sedan,Nordeste,1,120118.44,91436.3
2024-04-07,Hatch,Centro-Oeste,2,168838.35,118439.57
2024-04-07,Pickup,Sudeste,1,193951.66,161198.19
2024-04-07,Sedan,Nordeste,4,456021.24,373359.97
2024-04-07,SUV,Sudeste,3,552468.5,420254.67
2024-04-07,Hatch,Nordeste,3,246065.84,186560.7
2024-04-07,Pickup,Sul,3,565279.38,413328.58
2024-04-07,Pickup,Sul,6,1150092.89,898526.34
2024-04-07,Pickup,Nordeste,4,785470.22,665494.44
2024-04-07,SUV,Sul,5,918514.96,702683.08
2024-04-08,Sedan,Nordeste,3,327780.19,265300.44
2024-04-08,Pickup,Nordeste,7,1337610.58,1029472.96
2024-04-08,Pickup,Nordeste,2,380996.7,319806.06
2024-04-08,SUV,Nordeste,2,359730.95,277927.56
2024-04-08,Pickup,Nordeste,4,731444.59,523386.49
2024-04-08,Pickup,Sudeste,4,811981.81,639481.99
2024-04-08,Sedan,Centro-Oeste,5,571518.27,458141.05
2024-04-08,Pickup,Sudeste,3,600404.17,476163.18
2024-04-08,Sedan,Nordeste,7,839472.98,631320.95
2024-04-08,SUV,Sudeste,2,373044.34,303586.21
2024-04-08,Hatch,Sudeste,2,186006.45,146353.79
2024-04-08,SUV,Sul,2,340572.84,259600.18
2024-04-08,Hatch,Sul,3,250507.6,197892.41
2024-04-08,SUV,Sul,6,1119069.84,868464.16
2024-04-09,SUV,Sul,2,344671.13,283759.0
2024-04-09,SUV,Sul,1,169342.54,136126.65
2024-04-09,Hatch,Nordeste,6,546606.86,401076.22
2024-04-09,SUV,Sudeste,4,698016.39,517766.66
2024-04-09,Hatch,Centro-Oeste,7,592008.01,473189.24
2024-04-10,Pickup,Nordeste,7,1299421.71,926822.59
2024-04-10,Sedan,Centro-Oeste,4,442843.78,324420.55
2024-04-10,Sedan,Nordeste,6,651637.05,542082.44
2024-04-10,Hatch,Nordeste,5,447527.69,370874.28
2024-04-10,Pickup,Sul,1,206937.58,172424.06
2024-04-10,Pickup,Nordeste,5,965462.94,772385.59
2024-04-10,SUV,Sul,3,551829.8,444788.99
2024-04-10,SUV,Centro-Oeste,3,566910.3,424613.48
2024-04-11,Hatch,Sudeste,3,252780.61,178476.41
2024-04-11,Sedan,Sudeste,1,125300.87,104470.43
2024-04-11,Sedan,Nordeste,6,709147.51,529674.12
2024-04-11,Pickup,Sudeste,3,541416.86,380384.58
2024-04-11,Pickup,Sul,1,202869.08,143193.25
2024-04-11,Hatch,Centro-Oeste,3,243216.52,204487.22
2024-04-11,Sedan,Sudeste,5,592824.29,466637.22
2024-04-11,Sedan,Sudeste,7,848358.46,679890.42
2024-04-11,Sedan,Nordeste,1,112119.76,88521.66
2024-04-11,Pickup,Nordeste,6,1146867.47,909212.51
2024-04-11,Hatch,Nordeste,5,472205.1,400036.9
2024-04-11,Pickup,Sul,1,193835.01,163013.26
2024-04-11,SUV,Nordeste,3,553459.38,417510.22
2024-04-11,SUV,Sul,7,1308833.92,1040191.21
2024-04-12,Sedan,Nordeste,7,878755.2,624329.3
2024-04-12,SUV,Nordeste,1,179170.39,141525.85
2024-04-12,Hatch,Centro-Oeste,4,326286.48,256774.06
2024-04-12,Sedan,Sudeste,6,666330.67,468344.99
2024-04-12,Pickup,Sudeste,7,1296001.18,995376.66
2024-04-12,Pickup,Sul,4,835310.42,651868.12
2024-04-12,Pickup,Sul,6,1238690.82,975685.75
2024-04-12,Sedan,Sul,2,249167.07,196213.74
2024-04-12,Pickup,Centro-Oeste,3,544679.04,383868.85
2024-04-12,Pickup,Sul,6,1244821.0,986454.88
2024-04-12,Hatch,Centro-Oeste,6,539382.68,394658.09
2024-04-13,Pickup,Nordeste,5,1020011.01,849350.42
2024-04-13,Sedan,Nordeste,3,325621.4,271765.21
2024-04-13,Hatch,Nordeste,7,625494.7,526113.6
2024-04-13,Sedan,Sul,6,684210.14,485825.11
2024-04-13,Hatch,Centro-Oeste,1,90035.67,75070.29
2024-04-13,Sedan,Nordeste,6,689644.54,490099.5
2024-04-13,Pickup,Sul,2,388497.06,275166.01
2024-04-13,Pickup,Sul,4,772614.81,602239.48
2024-04-13,Sedan,Sul,1,125419.71,96066.61
2024-04-13,Pickup,Nordeste,3,569362.85,424122.66
2024-04-13,SUV,Centro-Oeste,4,737274.78,556524.02
2024-04-13,Pickup,Sudeste,5,909384.73,665284.08
2024-04-14,Pickup,Nordeste,2,380558.71,315749.12
2024-04-14,Hatch,Centro-Oeste,7,576316.09,475113.33
2024-04-14,Hatch,Centro-Oeste,6,551108.2,397113.29
2024-04-14,SUV,Sul,6,1022493.75,716227.36
2024-04-14,Pickup,Sul,7,1277277.19,982146.47
2024-04-14,Hatch,Sul,1,90655.02,67292.12
2024-04-14,SUV,Sudeste,6,1089450.98,856464.41
2024-04-14,Hatch,Centro-Oeste,1,92639.74,69209.42
2024-04-14,Hatch,Nordeste,7,620161.47,505291.47
2024-04-14,Pickup,Centro-Oeste,2,371709.99,287483.81
2024-04-15,Hatch,Centro-Oeste,4,361100.11,288415.13
2024-04-15,Sedan,Nordeste,2,220436.37,177402.69
2024-04-15,Hatch,Sudeste,6,559167.14,466056.06
2024-04-15,Sedan,Sudeste,6,709314.55,558157.61
2024-04-15,SUV,Sul,7,1210124.63,1023203.1
2024-04-15,Pickup,Sudeste,5,999250.09,720642.71
2024-04-15,SUV,Centro-Oeste,4,665852.65,551418.62
2024-04-15,Hatch,Sudeste,6,552882.59,410712.22
2024-04-15,Sedan,Sul,7,827978.82,597345.46
2024-04-15,SUV,Centro-Oeste,3,562050.49,468805.07
2024-04-15,Pickup,Sudeste,3,616060.88,504793.48
2024-04-15,SUV,Centro-Oeste,1,162681.41,120042.11
2024-04-15,Sedan,Sul,4,449976.16,332751.57
2024-04-16,SUV,Sudeste,4,688665.27,506037.0
2024-04-16,Pickup,Sudeste,1,190536.58,136055.79
2024-04-16,SUV,Centro-Oeste,2,375219.16,315821.91
2024-04-16,Pickup,Centro-Oeste,3,561433.2,469507.04
2024-04-16,Hatch,Sudeste,1,91428.97,73634.45
2024-04-16,Hatch,Sul,6,520828.8,411213.4
2024-04-16,Hatch,Sudeste,2,172742.37,142362.68
2024-04-16,Sedan,Nordeste,5,608660.4,430212.05
2024-04-16,Sedan,Centro-Oeste,3,357216.97,298844.45
2024-04-16,SUV,Centro-Oeste,7,1157322.75,918854.49
2024-04-16,SUV,Sudeste,1,173830.82,143562.89
2024-04-16,Sedan,Centro-Oeste,3,364701.64,267080.17
2024-04-16,Pickup,Nordeste,4,806951.79,578373.78
2024-04-16,Sedan,Centro-Oeste,3,333368.79,252347.75
2024-04-17,SUV,Sul,3,546812.34,393061.26
2024-04-17,Sedan,Sudeste,2,240386.15,188671.21
2024-04-17,Hatch,Centro-Oeste,6,515636.75,385545.43
2024-04-17,Sedan,Centro-Oeste,3,352335.72,287606.93
2024-04-17,Hatch,Nordeste,3,254846.92,191092.08
2024-04-17,SUV,Nordeste,3,537604.67,424489.35
2024-04-17,SUV,Nordeste,6,1019896.04,808718.8
2024-04-17,Sedan,Nordeste,4,485212.82,359843.39
2024-04-17,Hatch,Centro-Oeste,2,174301.72,139740.66
2024-04-17,Sedan,Sudeste,4,476833.65,404601.13
2024-04-17,SUV,Centro-Oeste,3,497522.67,371636.74
2024-04-17,Pickup,Sudeste,2,380603.2,314068.35
2024-04-18,Pickup,Centro-Oeste,2,415717.83,294856.72
2024-04-18,Sedan,Nordeste,4,451652.4,339287.51
2024-04-18,Sedan,Sudeste,7,819191.26,603742.97
2024-04-18,SUV,Sul,2,372857.38,297214.86
2024-04-18,Pickup,Sul,3,621392.38,511164.32
2024-04-18,SUV,Nordeste,1,162185.7,118698.38
2024-04-18,Sedan,Centro-Oeste,2,241816.34,200325.46
2024-04-18,SUV,Centro-Oeste,4,746190.93,557465.6
2024-04-18,Hatch,Centro-Oeste,1,86940.78,70374.81
2024-04-18,Hatch,Sul,5,434022.14,357913.05
2024-04-18,SUV,Sudeste,6,1050702.42,753919.47
2024-04-18,Sedan,Nordeste,2,226797.91,179037.06
2024-04-19,Sedan,Centro-Oeste,1,115022.16,86642.72
2024-04-19,Hatch,Centro-Oeste,4,363582.01,290429.02
2024-04-19,SUV,Sudeste,4,742286.09,577848.53
2024-04-19,Pickup,Nordeste,2,393634.79,331203.87
2024-04-19,Pickup,Nordeste,3,612088.26,438052.09
2024-04-19,Sedan,Sudeste,7,801554.22,572169.59
2024-04-19,SUV,Sudeste,5,819076.61,646437.47
2024-04-19,Sedan,Centro-Oeste,4,476419.97,395199.83
2024-04-19,Pickup,Centro-Oeste,7,1296230.01,1017794.81
2024-04-19,Hatch,Centro-Oeste,5,421621.48,321921.57
2024-04-19,SUV,Sudeste,7,1317277.77,1007302.65
2024-04-19,Hatch,Sul,7,577933.77,406915.95
2024-04-19,Sedan,Nordeste,6,672464.34,532656.01
2024-04-20,Sedan,Nordeste,2,228931.51,188532.62
2024-04-20,Sedan,Sul,6,744755.49,610021.33
2024-04-20,SUV,Nordeste,1,170860.85,124960.6
2024-04-20,Sedan,Sul,1,114450.02,95787.1
2024-04-20,Hatch,Sul,6,516860.29,424477.13
2024-04-21,Sedan,Nordeste,5,581321.16,433370.79
2024-04-21,Hatch,Centro-Oeste,6,541015.13,384924.28
2024-04-21,Hatch,Sudeste,2,162881.79,125637.15
2024-04-21,Pickup,Sul,6,1197748.83,949678.1
2024-04-21,Pickup,Sudeste,1,201442.6,143078.14
2024-04-21,Pickup,Centro-Oeste,7,1367583.07,1115996.77
2024-04-21,Hatch,Centro-Oeste,3,246110.52,185370.43
2024-04-21,Pickup,Nordeste,2,410018.64,337117.59
2024-04-21,Sedan,Sudeste,1,124186.69,104855.69
2024-04-21,Hatch,Centro-Oeste,4,346311.32,277524.69
2024-04-22,Pickup,Nordeste,7,1320481.12,1034529.88
2024-04-22,Pickup,Centro-Oeste,6,1108131.07,812274.81
2024-04-22,Pickup,Sudeste,2,393422.43,289050.25
2024-04-22,Pickup,Nordeste,3,563610.87,420993.38
2024-04-22,SUV,Centro-Oeste,7,1310583.48,1097565.28
2024-04-22,SUV,Sudeste,1,169713.89,121125.84
2024-04-22,SUV,Sul,2,360581.66,275581.27
2024-04-22,Pickup,Sul,3,620423.51,495537.38
2024-04-22,SUV,Sul,2,336805.8,241200.82
2024-04-23,SUV,Centro-Oeste,2,369587.47,285544.42
2024-04-23,Pickup,Sudeste,5,1035237.45,758084.38
2024-04-23,Pickup,Nordeste,7,1317119.71,923244.09
2024-04-23,Sedan,Centro-Oeste,4,455352.9,334722.88
2024-04-23,Hatch,Sudeste,6,552454.57,423227.73
2024-04-23,Sedan,Centro-Oeste,6,732596.18,542040.05
2024-04-23,Hatch,Sul,3,283403.72,206507.74
2024-04-23,SUV,Sudeste,2,330500.93,277878.4
2024-04-23,Hatch,Sul,3,278928.33,212815.99
2024-04-23,Pickup,Centro-Oeste,7,1347610.62,975715.69
2024-04-23,Sedan,Centro-Oeste,7,851417.66,710673.8
2024-04-24,SUV,Sul,6,988239.78,694227.45
2024-04-24,SUV,Nordeste,4,684247.31,486856.41
2024-04-24,Hatch,Nordeste,5,461358.94,390403.59
2024-04-24,Hatch,Sudeste,6,556341.17,466753.31
2024-04-24,SUV,Sul,6,1006619.1,768050.99
2024-04-24,Hatch,Sul,3,244160.42,192273.37
2024-04-24,SUV,Sudeste,4,681880.3,502669.21
2024-04-24,SUV,Centro-Oeste,4,690949.92,584592.04
2024-04-24,SUV,Sul,3,529364.8,415504.12
2024-04-24,Pickup,Nordeste,7,1338691.61,1047499.79
2024-04-24,Pickup,Centro-Oeste,4,769259.5,557328.89
2024-04-24,Hatch,Sudeste,1,84052.07,69140.88
2024-04-24,Sedan,Sul,4,464404.22,348590.23
2024-04-25,SUV,Nordeste,6,1093899.87,774146.46
2024-04-25,Pickup,Sudeste,5,1009129.38,779712.58
2024-04-25,Hatch,Sul,4,332713.84,261446.33
2024-04-25,Pickup,Sudeste,3,621972.24,486452.09
2024-04-25,Sedan,Sul,7,801495.42,610153.08
2024-04-25,Pickup,Sul,5,1024103.48,806712.73
2024-04-25,Hatch,Nordeste,2,167222.75,133147.05
2024-04-25,Sedan,Centro-Oeste,6,684429.58,511122.97
2024-04-25,Sedan,Nordeste,3,346210.41,254838.47
2024-04-26,Pickup,Sudeste,4,732670.99,517847.6
2024-04-26,Hatch,Sul,3,257599.22,206257.28
2024-04-26,Sedan,Centro-Oeste,2,217080.77,166431.32
2024-04-26,Hatch,Nordeste,4,376773.12,308604.58
2024-04-26,Pickup,Nordeste,1,195212.47,155327.69
2024-04-26,Hatch,Sudeste,2,173727.76,133243.34
2024-04-26,SUV,Centro-Oeste,1,175519.19,139841.26
2024-04-26,Hatch,Sudeste,7,632118.78,520544.12
2024-04-26,Hatch,Sudeste,4,356572.38,277605.89
2024-04-26,Pickup,Nordeste,1,206697.4,175443.6
2024-04-26,Sedan,Nordeste,4,488226.19,399720.32
2024-04-26,SUV,Centro-Oeste,4,659107.0,473827.59
2024-04-26,Pickup,Sul,3,626744.08,451419.96
2024-04-27,SUV,Nordeste,1,187486.06,152777.59
2024-04-27,SUV,Centro-Oeste,6,1041508.1,772162.03
2024-04-27,Sedan,Centro-Oeste,5,581766.0,489532.4
2024-04-27,Sedan,Sudeste,1,119740.24,88327.82
2024-04-27,SUV,Centro-Oeste,5,891809.59,737898.38
2024-04-27,Hatch,Nordeste,1,94458.27,68720.08
2024-04-27,Sedan,Sul,4,455901.95,350953.57
2024-04-28,SUV,Centro-Oeste,1,168981.97,118993.36
2024-04-28,Pickup,Sul,1,200185.41,161877.57
2024-04-28,SUV,Nordeste,2,359846.52,303996.69
2024-04-28,Sedan,Nordeste,4,474625.21,344048.77
2024-04-28,Hatch,Centro-Oeste,5,409684.1,292302.04
2024-04-28,SUV,Centro-Oeste,6,1101633.43,913751.34
2024-04-28,SUV,Centro-Oeste,6,1087784.45,809314.91
2024-04-28,SUV,Nordeste,5,931535.66,762768.11
2024-04-28,Sedan,Sudeste,4,476242.98,374888.62
2024-04-28,Hatch,Centro-Oeste,5,423356.93,310186.73
2024-04-28,Pickup,Sudeste,3,593411.52,416833.92
2024-04-28,SUV,Centro-Oeste,1,179956.51,140993.55
2024-04-28,Hatch,Sul,7,575922.59,474979.34
2024-04-29,Sedan,Sudeste,3,345709.47,279796.81
2024-04-29,Hatch,Sul,7,651218.41,457184.69
2024-04-29,Hatch,Sudeste,4,337741.99,237072.8
2024-04-29,Hatch,Centro-Oeste,5,469640.14,368602.58
2024-04-29,Sedan,Sudeste,6,735723.88,557389.11
2024-04-29,SUV,Sudeste,5,862478.06,634822.55
2024-04-30,Sedan,Centro-Oeste,4,438958.43,318918.46
2024-04-30,Hatch,Sul,3,264540.81,219844.73
2024-04-30,Hatch,Centro-Oeste,6,523568.95,391631.72
2024-04-30,Sedan,Nordeste,1,115248.67,92299.9
2024-04-30,SUV,Centro-Oeste,5,903778.26,682082.0
2024-04-30,Pickup,Nordeste,5,986773.88,793379.34
2024-04-30,Sedan,Centro-Oeste,1,122473.72,93556.53
2024-04-30,Hatch,Sul,3,268076.5,195158.61
2024-04-30,Pickup,Sudeste,6,1135355.36,878547.26
2024-04-30,Sedan,Sul,3,334597.27,240519.38
2024-04-30,SUV,Sul,3,524757.78,413422.31
2024-05-01,Pickup,Centro-Oeste,3,614917.55,520417.6
2024-05-01,Hatch,Nordeste,7,589088.5,468717.77
2024-05-01,Hatch,Nordeste,6,528380.26,391407.17
2024-05-01,SUV,Sul,4,681239.26,539572.61
2024-05-01,Sedan,Nordeste,3,331327.17,276341.86
2024-05-01,Hatch,Nordeste,7,611054.16,445147.1
2024-05-01,SUV,Sul,6,1026643.06,863649.64
2024-05-01,Sedan,Sul,5,568419.58,402743.58
2024-05-01,Sedan,Sudeste,6,680725.89,575201.21
2024-05-01,Pickup,Nordeste,1,200283.15,149428.42
2024-05-01,Pickup,Sul,1,187526.37,134656.52
2024-05-01,Pickup,Nordeste,7,1332581.25,1095868.73
2024-05-01,Sedan,Nordeste,1,117106.77,84819.08
2024-05-02,Hatch,Centro-Oeste,6,514733.01,391251.46
2024-05-02,Hatch,Sul,1,86600.15,65650.81
2024-05-02,Hatch,Sudeste,6,538506.91,381918.23
2024-05-02,Hatch,Sudeste,2,181723.3,130895.89
2024-05-02,Sedan,Sudeste,2,233186.98,184280.91
2024-05-03,SUV,Nordeste,4,680115.05,492662.21
2024-05-03,Pickup,Sul,4,808123.88,591000.91
2024-05-03,SUV,Centro-Oeste,1,163133.03,123091.51
2024-05-03,Sedan,Nordeste,5,562883.51,418965.56
2024-05-03,Pickup,Nordeste,3,590926.55,494134.43
2024-05-03,SUV,Centro-Oeste,4,742907.08,582255.54
2024-05-04,Sedan,Sudeste,7,874385.64,711111.65
2024-05-04,Hatch,Sudeste,4,334841.63,250210.93
2024-05-04,SUV,Centro-Oeste,4,737494.51,602916.84
2024-05-04,Sedan,Nordeste,7,841489.89,629825.69
2024-05-04,SUV,Nordeste,2,333566.29,269624.94
2024-05-04,Pickup,Centro-Oeste,6,1164513.36,888987.64
2024-05-04,SUV,Sudeste,6,1080904.61,834665.56
2024-05-04,Sedan,Centro-Oeste,6,714736.61,536965.24
2024-05-05,Sedan,Centro-Oeste,7,784563.02,615908.58
2024-05-05,Sedan,Nordeste,2,239182.44,181095.25
2024-05-05,SUV,Sul,3,501331.98,385474.01
2024-05-05,SUV,Sudeste,2,347899.18,246053.23
2024-05-05,SUV,Nordeste,4,669536.45,495236.55
2024-05-05,SUV,Sudeste,6,1007344.24,846478.14
2024-05-05,SUV,Sudeste,7,1247128.41,950462.95
2024-05-05,Pickup,Nordeste,6,1109633.12,845838.64
2024-05-05,Hatch,Nordeste,1,88716.7,64561.43
2024-05-05,Pickup,Sudeste,7,1425425.86,1058385.27
2024-05-06,Hatch,Nordeste,2,164162.85,125793.9
2024-05-06,Hatch,Nordeste,3,273062.89,201144.74
2024-05-06,Hatch,Sul,4,345480.85,268354.36
2024-05-06,Hatch,Nordeste,7,585348.39,451400.33
2024-05-06,Hatch,Sudeste,3,245881.8,193282.74
2024-05-06,Sedan,Nordeste,1,118041.73,99623.52
2024-05-06,Sedan,Nordeste,7,854004.22,703145.11
2024-05-06,SUV,Centro-Oeste,1,179430.45,126828.22
2024-05-06,Hatch,Centro-Oeste,6,522796.55,401369.12
2024-05-06,SUV,Centro-Oeste,1,165427.5,118858.43
2024-05-06,Pickup,Sul,1,184982.25,131127.6
2024-05-06,SUV,Nordeste,5,938112.39,676738.78
2024-05-06,Sedan,Nordeste,6,678877.26,543684.6
2024-05-06,Hatch,Sudeste,4,358658.25,273160.7
2024-05-07,Pickup,Centro-Oeste,4,789554.29,555319.41
2024-05-07,Sedan,Sul,3,376261.35,294416.84
2024-05-07,Pickup,Centro-Oeste,7,1342560.9,987505.36
2024-05-07,Sedan,Centro-Oeste,6,714693.14,522560.41
2024-05-07,SUV,Nordeste,5,874137.13,732846.1
2024-05-07,Hatch,Sudeste,2,178949.13,142643.69
2024-05-07,Hatch,Nordeste,7,589743.36,490162.9
2024-05-07,SUV,Sudeste,4,700906.01,556945.26
2024-05-07,Hatch,Nordeste,6,500652.24,410471.61
2024-05-07,SUV,Centro-Oeste,7,1185530.97,959965.11
2024-05-07,Sedan,Nordeste,4,489899.92,406599.04
2024-05-07,Sedan,Sudeste,2,248044.97,197900.51
2024-05-07,Pickup,Centro-Oeste,6,1152493.11,896572.51
2024-05-08,SUV,Centro-Oeste,4,720949.25,547488.97
2024-05-08,SUV,Centro-Oeste,4,726858.73,571142.62
2024-05-08,SUV,Centro-Oeste,5,943856.92,690192.84
2024-05-08,Hatch,Nordeste,7,612719.34,467356.84
2024-05-08,SUV,Sudeste,3,514338.21,378846.24
2024-05-08,Sedan,Sudeste,7,825737.44,648652.3
2024-05-08,SUV,Centro-Oeste,3,553027.4,408234.36
2024-05-08,Hatch,Sul,4,361764.33,271172.81
2024-05-08,Sedan,Sudeste,1,122332.38,99120.28
2024-05-08,Pickup,Sudeste,5,966080.87,722238.02
2024-05-09,Sedan,Centro-Oeste,1,120492.31,87647.64
2024-05-09,SUV,Sul,1,175398.46,130293.68
2024-05-09,SUV,Sul,5,853023.1,610509.82
2024-05-09,Hatch,Nordeste,5,436836.34,311775.91
2024-05-09,SUV,Centro-Oeste,1,171764.47,123465.38
2024-05-09,Hatch,Sul,1,83649.97,58838.11
2024-05-09,Pickup,Sul,3,592928.43,443161.62
2024-05-09,Sedan,Nordeste,7,810138.84,658220.79
2024-05-09,Hatch,Sudeste,1,85420.18,61903.42
2024-05-09,Pickup,Centro-Oeste,7,1340793.84,1026242.64
2024-05-10,Sedan,Sul,6,714465.44,508868.18
2024-05-10,Hatch,Nordeste,2,182862.12,147612.69
2024-05-10,SUV,Centro-Oeste,4,686920.55,543165.88
2024-05-10,Pickup,Nordeste,1,189264.07,140818.19
2024-05-10,Sedan,Centro-Oeste,7,775376.75,645831.22
2024-05-10,Hatch,Sudeste,4,367616.76,306183.26
2024-05-10,Sedan,Sudeste,4,503780.36,407066.43
2024-05-10,Hatch,Sudeste,3,244993.45,179987.41
2024-05-10,Sedan,Sul,5,540083.65,451231.0
2024-05-10,SUV,Sudeste,4,702006.29,562471.3
2024-05-11,Pickup,Centro-Oeste,1,202800.17,151469.36
2024-05-11,Pickup,Centro-Oeste,7,1390277.96,1140811.05
2024-05-11,Sedan,Nordeste,5,567304.7,463648.85
2024-05-11,Hatch,Nordeste,1,83050.46,62228.36
2024-05-11,Hatch,Sudeste,5,450340.35,364503.89
2024-05-11,Hatch,Centro-Oeste,2,181605.0,137119.81
2024-05-11,Hatch,Sul,3,269131.35,218476.04
2024-05-11,Hatch,Sul,3,243276.0,189393.06
2024-05-11,SUV,Centro-Oeste,1,171996.27,139779.96
2024-05-11,Hatch,Nordeste,7,580528.75,463643.59
2024-05-11,Pickup,Nordeste,6,1141063.32,809430.04
2024-05-11,Hatch,Sul,3,253065.86,189177.21
2024-05-11,Pickup,Nordeste,2,392755.41,329494.6
2024-05-11,Hatch,Nordeste,2,182645.58,131870.88
2024-05-12,SUV,Nordeste,6,1082571.56,811649.94
2024-05-12,Sedan,Sul,3,351570.8,252425.35
2024-05-12,SUV,Centro-Oeste,3,500347.3,350628.85
2024-05-12,Hatch,Sul,5,451079.05,331698.02
2024-05-12,Hatch,Centro-Oeste,3,281302.86,210115.78
2024-05-12,Hatch,Nordeste,1,94318.6,74481.14
2024-05-12,Pickup,Centro-Oeste,6,1125416.65,935172.25
2024-05-12,SUV,Sudeste,7,1269600.88,979270.28
2024-05-12,SUV,Nordeste,4,669009.78,550650.46
2024-05-12,SUV,Sudeste,1,167108.29,135033.12
2024-05-12,Sedan,Nordeste,7,816127.21,668375.09
2024-05-12,Pickup,Centro-Oeste,3,603844.99,432238.41
2024-05-13,SUV,Nordeste,5,934495.91,674051.1
2024-05-13,Pickup,Centro-Oeste,4,733510.86,558324.04
2024-05-13,SUV,Sul,7,1147403.12,863385.75
2024-05-13,SUV,Centro-Oeste,7,1185135.7,873822.79
2024-05-13,Hatch,Sudeste,1,82785.89,70089.72
2024-05-13,Sedan,Centro-Oeste,6,746443.59,547313.04
2024-05-13,SUV,Sul,7,1201509.35,903070.94
2024-05-13,SUV,Sul,6,1046940.15,738082.54
2024-05-14,SUV,Sul,3,506247.8,359944.52
2024-05-14,SUV,Sudeste,6,1039253.6,793292.24
2024-05-14,Sedan,Sul,3,372333.06,308286.7
2024-05-14,Pickup,Sudeste,3,581222.58,429231.18
2024-05-14,SUV,Centro-Oeste,5,899207.8,730115.76
2024-05-14,Sedan,Nordeste,1,115834.72,97081.51
2024-05-14,Pickup,Nordeste,1,197122.84,152140.54
2024-05-14,SUV,Sudeste,2,324012.26,271279.34
2024-05-14,Pickup,Sul,6,1228001.06,998275.58
2024-05-14,Hatch,Sul,1,90774.39,76188.87
2024-05-14,Sedan,Sudeste,4,468892.28,352759.29
2024-05-14,Hatch,Nordeste,1,90702.69,64996.69
2024-05-14,Pickup,Centro-Oeste,6,1099445.21,807977.33
2024-05-15,SUV,Centro-Oeste,1,172578.89,141576.87
2024-05-15,Sedan,Sudeste,5,601786.25,494825.26
2024-05-15,Sedan,Nordeste,2,247177.28,173391.55
2024-05-15,SUV,Sul,2,326035.68,267743.81
2024-05-15,SUV,Sul,7,1276613.61,941235.38
2024-05-15,Sedan,Centro-Oeste,6,691053.39,573186.19
2024-05-16,SUV,Sul,1,162188.52,123347.96
2024-05-16,Hatch,Centro-Oeste,3,243740.14,203674.21
2024-05-16,Hatch,Sul,1,93843.86,67619.49
2024-05-16,Pickup,Nordeste,7,1299296.1,1017780.78
2024-05-16,Hatch,Centro-Oeste,3,257712.55,197355.53
2024-05-16,Hatch,Centro-Oeste,6,525929.51,394196.47
2024-05-16,SUV,Sudeste,7,1198132.02,966095.62
2024-05-16,SUV,Sudeste,6,1023905.01,741965.62
2024-05-16,SUV,Centro-Oeste,6,1088305.1,808111.36
2024-05-17,Pickup,Sul,3,608479.74,429836.74
2024-05-17,Sedan,Sudeste,6,656408.5,553560.6
2024-05-17,Hatch,Sudeste,5,414382.65,317421.53
2024-05-17,SUV,Centro-Oeste,2,351636.14,286729.87
2024-05-17,SUV,Centro-Oeste,3,487164.88,399693.06
2024-05-17,Hatch,Centro-Oeste,5,424182.44,315314.01
2024-05-17,SUV,Sudeste,4,729489.99,559386.01
2024-05-17,Pickup,Nordeste,2,370053.99,276262.43
2024-05-17,Sedan,Centro-Oeste,6,718710.34,547427.73
2024-05-17,Sedan,Sul,7,824927.71,588269.96
2024-05-17,SUV,Sul,5,835104.8,703678.35
2024-05-17,Sedan,Nordeste,7,876157.71,659614.51
2024-05-17,Hatch,Centro-Oeste,5,462572.53,331837.26
2024-05-18,Sedan,Sul,7,860472.98,667917.42
2024-05-18,SUV,Nordeste,6,1049461.75,855516.49
2024-05-18,Hatch,Nordeste,5,414856.42,348773.78
2024-05-18,Hatch,Nordeste,3,276450.61,222400.15
2024-05-18,Hatch,Nordeste,1,85519.65,63887.92
2024-05-18,Pickup,Sul,7,1390025.29,1144993.08
2024-05-18,SUV,Centro-Oeste,5,861586.67,620204.81
2024-05-18,SUV,Nordeste,7,1258317.66,987350.66
2024-05-18,Pickup,Centro-Oeste,1,195782.48,159346.7
2024-05-19,Pickup,Sul,3,612084.48,444999.99
2024-05-19,Pickup,Sul,7,1346752.55,982997.14
2024-05-19,Pickup,Sul,7,1380915.03,1143464.18
2024-05-19,Sedan,Sudeste,3,328701.85,240058.32
2024-05-19,Pickup,Centro-Oeste,6,1133635.9,808808.32
2024-05-20,Sedan,Sul,1,112419.91,92392.18
2024-05-20,Pickup,Sudeste,1,184850.84,156175.82
2024-05-20,Pickup,Sul,3,561619.75,430518.44
2024-05-20,Sedan,Centro-Oeste,2,235244.13,171567.94
2024-05-20,Pickup,Centro-Oeste,5,989905.95,722819.0
2024-05-20,SUV,Sudeste,5,855741.17,721226.67
2024-05-20,Pickup,Centro-Oeste,7,1444987.98,1022243.58
2024-05-20,Hatch,Nordeste,7,587466.73,488122.51
2024-05-20,SUV,Centro-Oeste,2,346883.59,260620.54
2024-05-21,SUV,Centro-Oeste,5,835695.49,699964.41
2024-05-21,Hatch,Sudeste,4,365157.43,300075.79
2024-05-21,Hatch,Nordeste,3,275250.18,227065.05
2024-05-21,Pickup,Centro-Oeste,4,832919.08,660905.93
2024-05-21,SUV,Centro-Oeste,5,910551.39,698295.79
2024-05-22,SUV,Sul,2,355504.76,273607.34
2024-05-22,SUV,Centro-Oeste,4,668133.34,542795.14
2024-05-22,Hatch,Sul,2,178103.72,137621.35
2024-05-22,Sedan,Sudeste,4,447554.26,378223.94
2024-05-22,Sedan,Sul,3,357110.2,293130.46
2024-05-22,Sedan,Centro-Oeste,2,234901.78,189352.4
2024-05-22,Pickup,Sul,2,400003.89,310661.27
2024-05-22,Pickup,Centro-Oeste,2,361325.15,272328.66
2024-05-22,Sedan,Nordeste,1,123103.79,96340.92
2024-05-22,Pickup,Centro-Oeste,3,624484.32,483259.9
2024-05-22,Pickup,Sul,4,770194.93,574882.68
2024-05-22,Pickup,Sudeste,6,1092319.33,911660.19
2024-05-22,SUV,Sul,4,738947.54,585335.11
2024-05-23,Hatch,Centro-Oeste,7,619494.49,487906.36
2024-05-23,Pickup,Nordeste,5,913220.16,745662.31
2024-05-23,Hatch,Sudeste,3,254101.87,209418.39
2024-05-23,Sedan,Nordeste,5,588181.3,467779.71
2024-05-23,Sedan,Sul,1,117325.39,95291.96
2024-05-23,Sedan,Nordeste,6,740656.97,592554.55
2024-05-23,Hatch,Nordeste,6,507471.58,408224.79
2024-05-23,SUV,Centro-Oeste,7,1182932.91,837426.6
2024-05-23,SUV,Sudeste,1,183381.07,150690.79
2024-05-24,Pickup,Nordeste,4,740950.78,597290.76
2024-05-24,Sedan,Sul,1,125456.74,101512.65
2024-05-24,SUV,Centro-Oeste,1,181470.57,132032.13
2024-05-24,Sedan,Nordeste,3,357662.5,282685.84
2024-05-24,Sedan,Sul,2,228039.93,177391.56
2024-05-25,Sedan,Centro-Oeste,4,438117.57,335351.36
2024-05-25,SUV,Centro-Oeste,6,1093492.5,897503.13
2024-05-25,Pickup,Sul,6,1247916.18,1046248.9
2024-05-25,Hatch,Sudeste,1,90783.4,74938.28
2024-05-25,Sedan,Centro-Oeste,6,684322.93,573517.62
2024-05-25,SUV,Sul,1,178835.02,126877.36
2024-05-25,Hatch,Sul,5,439965.7,348509.13
2024-05-25,SUV,Nordeste,1,173587.04,123461.07
2024-05-25,Sedan,Centro-Oeste,4,449267.04,327625.17
2024-05-25,SUV,Sudeste,4,688823.36,583555.47
2024-05-25,Sedan,Nordeste,7,760594.09,538433.38
2024-05-25,SUV,Nordeste,5,907075.21,709448.63
2024-05-25,Sedan,Sudeste,2,225446.7,172073.75
2024-05-25,SUV,Centro-Oeste,3,555724.71,417865.82
2024-05-26,SUV,Sul,5,929449.07,682869.62
2024-05-26,Hatch,Centro-Oeste,1,94044.7,79515.85
2024-05-26,Pickup,Sudeste,7,1319766.08,1026225.58
2024-05-26,SUV,Nordeste,2,348605.08,269228.61
2024-05-26,Hatch,Nordeste,6,499750.5,356994.82
2024-05-26,SUV,Sudeste,1,175112.13,146554.86
2024-05-27,SUV,Sul,6,1012458.56,760853.82
2024-05-27,SUV,Centro-Oeste,3,494291.73,401743.33
2024-05-27,SUV,Nordeste,4,752078.0,568983.05
2024-05-27,SUV,Centro-Oeste,2,324569.76,246385.29
2024-05-27,SUV,Centro-Oeste,4,661620.45,520866.15
2024-05-27,Pickup,Sudeste,7,1444765.93,1151915.4
2024-05-27,SUV,Centro-Oeste,5,846659.31,632820.49
2024-05-27,Hatch,Sul,7,630291.8,479246.12
2024-05-27,Hatch,Nordeste,7,584392.23,475384.18
2024-05-28,Pickup,Nordeste,4,793994.64,560599.98
2024-05-28,Sedan,Sudeste,5,553316.25,469045.17
2024-05-28,Pickup,Sudeste,7,1459940.09,1096823.59
2024-05-28,Hatch,Centro-Oeste,7,568985.37,401228.39
2024-05-28,Pickup,Sul,5,945271.41,666992.53
2024-05-29,Pickup,Sudeste,6,1194220.16,947229.1
2024-05-29,Hatch,Sudeste,2,187255.65,152185.2
2024-05-29,SUV,Sudeste,2,343623.81,288893.88
2024-05-29,Pickup,Sudeste,1,186454.67,148067.42
2024-05-29,Sedan,Centro-Oeste,3,335059.33,274648.03
2024-05-29,SUV,Nordeste,5,863882.02,636109.66
2024-05-29,SUV,Centro-Oeste,6,1131237.39,900936.25
2024-05-29,Pickup,Centro-Oeste,1,192154.46,141397.28
2024-05-29,Sedan,Nordeste,1,123651.61,89906.91
2024-05-29,Hatch,Sul,7,628763.95,465975.91
2024-05-29,SUV,Centro-Oeste,5,892108.54,683967.15
2024-05-29,Hatch,Centro-Oeste,2,186956.36,137330.29
2024-05-29,SUV,Sul,1,166536.54,125438.59
2024-05-30,Hatch,Sul,2,180199.02,126589.65
2024-05-30,SUV,Sul,7,1213254.25,976869.42
2024-05-30,Sedan,Centro-Oeste,7,788308.04,662254.98
2024-05-30,Pickup,Nordeste,6,1086912.16,820876.84
2024-05-30,Pickup,Centro-Oeste,3,586304.06,485767.75
2024-05-30,Sedan,Centro-Oeste,2,236954.52,194224.68
2024-05-30,Hatch,Nordeste,4,374699.36,278866.95
2024-05-30,SUV,Centro-Oeste,3,542470.47,386501.23
2024-05-30,Sedan,Sul,7,809784.15,580350.14
2024-05-30,Sedan,Centro-Oeste,4,495197.96,361791.23
2024-05-30,Hatch,Sul,5,409198.84,336936.55
2024-05-30,Pickup,Sudeste,5,943631.53,726984.13
2024-05-31,SUV,Sudeste,2,333486.29,259111.67
2024-05-31,Pickup,Centro-Oeste,3,582446.37,427586.84
2024-05-31,Pickup,Sudeste,4,765102.3,629741.7
2024-05-31,Hatch,Sul,2,170889.23,120967.74
2024-05-31,SUV,Sul,2,362322.25,307088.67
2024-05-31,Hatch,Sudeste,1,90726.17,67343.65
2024-05-31,Sedan,Sul,5,547129.18,386852.48
2024-06-01,Sedan,Sul,7,808215.46,679203.19
2024-06-01,Hatch,Nordeste,3,274731.81,192745.52
2024-06-01,SUV,Centro-Oeste,1,177347.66,145212.08
2024-06-01,Pickup,Sul,4,766705.03,638752.45
2024-06-01,Sedan,Nordeste,2,233546.63,196600.89
2024-06-01,Pickup,Centro-Oeste,6,1171612.63,899709.13
2024-06-01,SUV,Sudeste,4,676373.86,521374.18
2024-06-01,Hatch,Sul,1,84766.61,64485.8
2024-06-01,Sedan,Sudeste,3,368311.96,279489.87
2024-06-01,Pickup,Nordeste,1,193186.89,150022.95
2024-06-01,Hatch,Centro-Oeste,4,330229.59,274239.89
2024-06-01,Pickup,Nordeste,7,1342510.96,991856.01
2024-06-01,Sedan,Nordeste,1,108111.31,88824.53
2024-06-01,Hatch,Centro-Oeste,7,620882.16,491446.49
2024-06-02,Sedan,Sudeste,3,337912.13,259344.7
2024-06-02,Pickup,Nordeste,1,186394.26,154721.52
2024-06-02,SUV,Nordeste,7,1234798.15,939492.21
2024-06-02,Sedan,Centro-Oeste,6,661956.17,469102.63
2024-06-02,Pickup,Centro-Oeste,5,934089.16,730054.25
2024-06-02,SUV,Sudeste,2,328890.21,263178.11
2024-06-02,SUV,Sudeste,6,1097088.63,796013.91
2024-06-02,Sedan,Sudeste,7,759646.98,559059.82
2024-06-03,Pickup,Sudeste,3,591884.0,444688.61
2024-06-03,Pickup,Centro-Oeste,1,185625.13,150837.08
2024-06-03,SUV,Nordeste,3,486736.05,388047.7
2024-06-03,Pickup,Sul,2,410687.85,292385.42
2024-06-03,Pickup,Sul,3,552550.52,433962.66
2024-06-03,Pickup,Centro-Oeste,6,1246648.93,996071.27
2024-06-03,Pickup,Sul,4,774948.04,588318.78
2024-06-03,Hatch,Sudeste,6,496078.17,391871.79
2024-06-03,SUV,Sudeste,6,1028384.42,858015.43
2024-06-03,Pickup,Centro-Oeste,1,206670.37,149648.99
2024-06-03,SUV,Sul,7,1185686.68,960964.64
2024-06-03,SUV,Nordeste,4,736749.26,531082.28
2024-06-04,Sedan,Nordeste,4,500293.46,403573.74
2024-06-04,SUV,Sul,4,753289.66,573755.89
2024-06-04,SUV,Nordeste,6,1075846.03,879987.99
2024-06-04,Hatch,Sul,1,90665.79,71725.59
2024-06-04,Hatch,Nordeste,7,567733.95,439320.36
2024-06-04,Sedan,Sul,3,335392.37,277115.7
2024-06-04,SUV,Sul,2,346539.15,258674.26
2024-06-04,Hatch,Sul,6,563217.88,400391.5
2024-06-04,Pickup,Sudeste,1,198607.05,155255.13
2024-06-04,Pickup,Sul,7,1410226.46,1044514.32
2024-06-04,Hatch,Sudeste,2,162199.58,125926.94
2024-06-05,Pickup,Sul,4,824590.31,628957.8
2024-06-05,Pickup,Sudeste,5,910205.6,680411.11
2024-06-05,Hatch,Centro-Oeste,4,347340.48,247904.93
2024-06-05,SUV,Sul,5,858556.2,689493.74
2024-06-05,Pickup,Sudeste,3,597206.88,506993.72
2024-06-05,Sedan,Centro-Oeste,2,227857.65,183199.06
2024-06-05,SUV,Sul,7,1159902.98,961944.33
2024-06-05,Pickup,Sul,4,807242.22,648972.73
2024-06-05,Hatch,Sudeste,1,82409.61,64720.18
2024-06-06,SUV,Sudeste,1,182298.55,143148.17
2024-06-06,Sedan,Nordeste,3,338078.27,262937.66
2024-06-06,SUV,Nordeste,5,886856.17,704836.36
2024-06-06,SUV,Nordeste,7,1178010.27,911544.65
2024-06-06,SUV,Sul,1,165364.56,131939.65
2024-06-06,SUV,Sul,1,176957.45,131779.01
2024-06-06,Sedan,Nordeste,6,724423.02,518637.68
2024-06-06,SUV,Sul,2,372586.13,295930.65
2024-06-06,Hatch,Centro-Oeste,1,92263.38,72574.66
2024-06-06,Pickup,Sudeste,6,1225219.24,903931.24
2024-06-06,SUV,Sul,6,985194.45,753922.21
2024-06-06,Hatch,Centro-Oeste,2,169158.06,129372.35
2024-06-07,Hatch,Sudeste,6,533387.85,412458.89
2024-06-07,SUV,Sul,5,873080.23,625131.36
2024-06-07,Hatch,Centro-Oeste,5,413713.32,335664.15
2024-06-07,Sedan,Nordeste,6,660138.88,466979.83
2024-06-07,Pickup,Nordeste,2,413964.75,298067.1
2024-06-07,Sedan,Nordeste,4,475947.08,392773.45
2024-06-08,Pickup,Nordeste,3,606232.84,449379.08
2024-06-08,Sedan,Sul,3,347584.92,267501.38
2024-06-08,Pickup,Centro-Oeste,5,1039600.84,731563.64
2024-06-08,SUV,Nordeste,3,504063.8,383685.49
2024-06-08,SUV,Sul,2,327524.94,269643.39
2024-06-08,SUV,Nordeste,1,175884.13,137344.16
2024-06-08,Pickup,Nordeste,1,207354.56,158806.55
2024-06-08,Hatch,Nordeste,3,246929.24,175229.82
2024-06-08,Sedan,Centro-Oeste,2,217983.66,166546.97
2024-06-08,Pickup,Sul,5,1042032.03,772432.83
2024-06-08,Pickup,Sul,5,909908.3,769677.99
2024-06-08,Sedan,Nordeste,2,239825.19,197264.26
2024-06-08,Sedan,Sudeste,2,241751.6,178949.73
2024-06-08,Pickup,Sudeste,6,1200048.48,858489.94
2024-06-09,Hatch,Centro-Oeste,7,651183.64,499689.45
2024-06-09,Hatch,Nordeste,5,463681.28,375824.79
2024-06-09,SUV,Sul,6,1040250.74,859066.01
2024-06-09,Hatch,Centro-Oeste,1,88432.7,64456.3
2024-06-09,Sedan,Centro-Oeste,3,358076.67,251995.6
2024-06-09,Pickup,Centro-Oeste,2,396345.22,315008.06
2024-06-09,Sedan,Centro-Oeste,1,109644.36,89195.35
2024-06-09,Sedan,Sul,4,445552.72,324200.78
2024-06-09,SUV,Nordeste,7,1208955.62,868913.29
2024-06-10,Pickup,Centro-Oeste,6,1116513.58,948754.98
2024-06-10,Sedan,Sudeste,1,118734.24,87997.73
2024-06-10,SUV,Sudeste,3,507092.65,418736.8
2024-06-10,Pickup,Nordeste,5,1001284.63,731821.21
2024-06-10,Pickup,Sudeste,3,602447.68,449348.88
2024-06-10,Sedan,Sudeste,3,375987.56,298628.9
2024-06-10,Pickup,Sudeste,6,1139142.71,900308.28
2024-06-10,SUV,Sul,5,915497.38,737425.44
2024-06-10,Hatch,Sul,4,360332.91,279108.24
2024-06-10,Pickup,Centro-Oeste,4,796853.67,595348.75
2024-06-11,Sedan,Centro-Oeste,5,592181.36,429316.99
2024-06-11,SUV,Nordeste,3,503636.04,399476.04
2024-06-11,Sedan,Sul,5,559054.29,403433.71
2024-06-11,Hatch,Centro-Oeste,4,336003.27,245690.93
2024-06-11,Hatch,Sudeste,3,252431.61,182637.82
2024-06-12,SUV,Nordeste,1,182380.34,136132.22
2024-06-12,Hatch,Sudeste,3,249699.52,174876.68
2024-06-12,SUV,Nordeste,1,171572.8,134631.31
2024-06-12,Hatch,Nordeste,3,253487.95,210854.31
2024-06-12,Sedan,Sudeste,7,781908.31,619312.41
2024-06-12,Pickup,Centro-Oeste,4,774346.0,651888.81
2024-06-12,Pickup,Sudeste,1,194071.79,137918.21
2024-06-12,SUV,Sul,4,663537.74,474893.34
2024-06-12,SUV,Nordeste,1,164895.0,125901.01
2024-06-12,Pickup,Nordeste,5,929577.45,664314.63
2024-06-12,Pickup,Centro-Oeste,4,748421.94,542411.39
2024-06-12,Pickup,Sudeste,2,392236.54,314404.51
2024-06-12,Pickup,Centro-Oeste,7,1263710.71,904077.9
2024-06-13,Sedan,Sudeste,4,473003.8,390161.28
2024-06-13,SUV,Sudeste,5,834762.19,585190.09
2024-06-13,SUV,Nordeste,1,188611.22,151455.15
2024-06-13,Hatch,Nordeste,4,338851.34,248561.65
2024-06-13,Hatch,Sudeste,2,172336.5,136937.77
2024-06-13,Hatch,Sul,7,574399.51,451486.5
2024-06-13,SUV,Sul,2,374786.85,315917.26
2024-06-13,SUV,Sudeste,1,168826.61,119882.54
2024-06-13,Sedan,Sul,1,108066.64,78281.77
2024-06-13,Sedan,Nordeste,6,725693.92,511046.89
2024-06-13,Sedan,Centro-Oeste,2,232478.78,166067.46
2024-06-13,Hatch,Centro-Oeste,3,269417.39,204967.24
2024-06-13,SUV,Sul,6,974739.87,815306.22
2024-06-13,Hatch,Centro-Oeste,2,162190.16,133129.64
2024-06-14,Hatch,Sul,1,94033.56,78741.08
2024-06-14,Pickup,Sul,4,795621.01,674904.28
2024-06-14,Sedan,Sudeste,2,221894.24,165292.01
2024-06-14,SUV,Sul,4,732426.73,535084.11
2024-06-14,Sedan,Sul,1,114160.06,96717.26
2024-06-14,SUV,Centro-Oeste,1,181142.04,151419.37
2024-06-14,Hatch,Nordeste,7,593599.61,421758.64
2024-06-14,Sedan,Centro-Oeste,7,829176.84,695940.16
2024-06-15,Sedan,Sul,5,580129.8,467751.42
2024-06-15,Pickup,Centro-Oeste,3,572472.57,465378.48
2024-06-15,SUV,Nordeste,7,1202331.1,938082.67
2024-06-15,Sedan,Nordeste,2,238857.47,197974.59
2024-06-15,SUV,Nordeste,4,712304.8,593342.29
2024-06-15,Sedan,Centro-Oeste,2,224956.69,188183.59
2024-06-16,Sedan,Centro-Oeste,4,433200.35,360002.55
2024-06-16,Hatch,Sul,2,171322.14,124365.06
2024-06-16,SUV,Centro-Oeste,2,332775.6,280849.91
2024-06-16,Pickup,Centro-Oeste,1,199930.18,150248.86
2024-06-16,Pickup,Centro-Oeste,3,540775.71,380163.13
2024-06-16,SUV,Nordeste,6,1057074.93,771605.84
2024-06-17,Pickup,Sudeste,1,193280.81,156525.16
2024-06-17,Hatch,Centro-Oeste,7,603184.33,438323.57
2024-06-17,Pickup,Sudeste,2,397681.83,327885.06
2024-06-17,SUV,Sudeste,6,1091706.73,768971.46
2024-06-17,Hatch,Nordeste,1,87586.65,63994.18
2024-06-17,SUV,Sul,5,944412.1,729112.14
2024-06-17,Sedan,Sudeste,6,679427.93,564158.82
2024-06-17,SUV,Sul,2,362809.76,285870.63
2024-06-17,Pickup,Centro-Oeste,2,364900.79,267347.75
2024-06-17,SUV,Sul,6,1026335.9,865036.54
2024-06-17,Hatch,Centro-Oeste,3,268801.98,224395.93
2024-06-18,Pickup,Sul,1,198688.62,152400.36
2024-06-18,Sedan,Nordeste,3,326743.34,251672.45
2024-06-18,Sedan,Sudeste,2,241575.19,184282.86
2024-06-18,SUV,Nordeste,7,1139335.24,943682.67
2024-06-18,Hatch,Centro-Oeste,1,90651.13,69300.68
2024-06-18,Sedan,Centro-Oeste,4,478658.18,352684.05
2024-06-18,SUV,Centro-Oeste,5,941333.96,659621.19
2024-06-18,Sedan,Sul,4,437661.12,328087.07
2024-06-18,Sedan,Centro-Oeste,3,352798.65,299666.84
2024-06-18,SUV,Sul,5,842264.69,625122.69
2024-06-18,Pickup,Nordeste,2,415503.87,313670.92
2024-06-19,Pickup,Centro-Oeste,3,570465.62,399932.78
2024-06-19,SUV,Nordeste,3,519042.96,439649.73
2024-06-19,SUV,Sul,1,162850.85,116966.12
2024-06-19,SUV,Sul,2,343911.16,280445.69
2024-06-19,Sedan,Sudeste,5,615976.73,444054.76
2024-06-20,Pickup,Centro-Oeste,4,729680.37,584366.16
2024-06-20,Hatch,Centro-Oeste,2,187285.32,154291.31
2024-06-20,Pickup,Sul,6,1224921.46,1013646.89
2024-06-20,Sedan,Sudeste,3,333876.22,262131.73
2024-06-20,SUV,Centro-Oeste,7,1242824.78,990248.62
2024-06-20,Sedan,Nordeste,4,470625.87,364920.72
2024-06-20,Sedan,Sul,1,108258.71,76585.13
2024-06-20,Sedan,Sudeste,2,216478.12,169134.85
2024-06-20,Sedan,Centro-Oeste,7,859086.34,687354.79
2024-06-20,Sedan,Sul,1,121772.68,94105.15
2024-06-20,Sedan,Nordeste,1,117657.46,97536.99
2024-06-21,Pickup,Centro-Oeste,1,182513.73,145364.73
2024-06-21,SUV,Sudeste,2,357848.98,264085.33
2024-06-21,Hatch,Sul,3,268203.27,225334.47
2024-06-21,Sedan,Centro-Oeste,6,741576.71,577044.81
2024-06-21,Pickup,Centro-Oeste,2,375640.51,279677.26
2024-06-21,SUV,Nordeste,1,164679.42,117516.57
2024-06-21,Pickup,Centro-Oeste,7,1353975.61,968476.77
2024-06-22,Pickup,Sul,5,1044124.41,872293.07
2024-06-22,Hatch,Centro-Oeste,1,89629.22,65909.06
2024-06-22,Sedan,Sul,2,220564.86,183066.49
2024-06-22,SUV,Sudeste,4,679226.77,521437.48
2024-06-22,SUV,Sul,5,912447.2,653193.1
2024-06-22,Sedan,Sudeste,1,111450.08,85948.26
2024-06-22,Hatch,Sudeste,2,176463.6,133958.56
2024-06-22,Hatch,Sudeste,7,599221.34,491852.83
2024-06-22,SUV,Sul,1,184462.42,140288.84
2024-06-22,Sedan,Centro-Oeste,5,605345.52,507077.3
2024-06-22,SUV,Nordeste,5,881247.88,690560.07
2024-06-23,SUV,Centro-Oeste,5,824345.9,673296.27
2024-06-23,Sedan,Sudeste,6,681165.48,480408.22
2024-06-23,Pickup,Nordeste,2,377421.71,268838.09
2024-06-23,Hatch,Sudeste,5,470172.46,355733.55
2024-06-23,Sedan,Centro-Oeste,1,116955.3,86709.76
2024-06-23,Sedan,Sul,1,120767.33,84920.26
2024-06-23,Hatch,Centro-Oeste,6,509173.28,411623.47
2024-06-23,Sedan,Sul,5,606779.59,429503.99
2024-06-23,SUV,Sudeste,6,1082698.87,787700.91
2024-06-23,Hatch,Sul,7,597166.79,499163.81
2024-06-23,SUV,Centro-Oeste,1,176018.59,129401.04
2024-06-23,SUV,Centro-Oeste,5,888742.29,720071.35
2024-06-23,Hatch,Centro-Oeste,4,353420.53,261694.25
2024-06-23,SUV,Sudeste,4,696985.86,491868.07
2024-06-24,SUV,Sul,3,502368.56,359952.63
2024-06-24,Hatch,Nordeste,3,275492.08,225354.85
2024-06-24,Pickup,Sul,7,1284182.72,1012217.1
2024-06-24,Hatch,Sudeste,5,456050.93,356152.64
2024-06-24,SUV,Centro-Oeste,2,357510.07,284489.54
2024-06-24,SUV,Sul,6,1075259.2,882007.04
2024-06-24,Hatch,Centro-Oeste,2,164926.81,137118.49
2024-06-24,Sedan,Sul,7,768001.37,540765.57
2024-06-24,SUV,Nordeste,1,187547.05,147593.1
2024-06-24,Pickup,Nordeste,5,1008718.05,782566.54
2024-06-25,Sedan,Sudeste,2,242039.89,174367.58
2024-06-25,SUV,Sudeste,4,747702.79,525169.82
2024-06-25,Hatch,Sudeste,5,422189.8,326497.38
2024-06-25,Sedan,Sudeste,3,354591.98,282762.8
2024-06-25,SUV,Sudeste,3,508626.5,384220.87
2024-06-25,Hatch,Sul,6,528687.62,414617.54
2024-06-25,Pickup,Centro-Oeste,5,949748.68,767832.46
2024-06-25,Sedan,Sudeste,7,769877.93,583896.52
2024-06-25,SUV,Sudeste,6,1030336.14,735117.35
2024-06-25,Hatch,Sul,5,411813.56,300562.82
2024-06-25,Pickup,Nordeste,7,1405304.75,1016566.16
2024-06-26,SUV,Centro-Oeste,4,670605.06,476718.61
2024-06-26,Pickup,Nordeste,7,1447741.51,1126714.63
2024-06-26,SUV,Nordeste,4,750368.51,554359.94
2024-06-26,SUV,Sul,2,366603.04,294113.82
2024-06-26,SUV,Sudeste,5,864130.99,650350.58
2024-06-27,Sedan,Sudeste,2,221522.86,167245.92
2024-06-27,Hatch,Sul,1,91537.73,69041.52
2024-06-27,Pickup,Centro-Oeste,7,1337011.6,957127.5
2024-06-27,SUV,Sudeste,2,375618.77,266899.98
2024-06-27,Pickup,Centro-Oeste,1,197356.92,165128.78
2024-06-27,Hatch,Centro-Oeste,7,603266.5,510249.98
2024-06-27,Hatch,Centro-Oeste,4,359139.12,298093.81
2024-06-27,Hatch,Nordeste,5,419547.12,307595.47
2024-06-27,Hatch,Sul,1,91218.51,72154.52
2024-06-28,Sedan,Centro-Oeste,6,657302.66,505841.38
2024-06-28,Hatch,Nordeste,3,243732.28,185248.6
2024-06-28,Hatch,Nordeste,7,653713.27,523602.56
2024-06-28,SUV,Sudeste,2,349541.49,271926.77
2024-06-28,Sedan,Sudeste,2,246331.38,190939.21
2024-06-28,SUV,Sul,3,513616.77,428832.47
2024-06-28,Hatch,Sul,2,187066.06,132787.7
2024-06-28,Sedan,Sul,2,250618.06,204570.07
2024-06-28,SUV,Centro-Oeste,1,184779.37,134748.77
2024-06-28,Pickup,Sudeste,3,585799.67,415546.75
2024-06-28,Pickup,Sudeste,6,1182386.29,981568.0
2024-06-28,SUV,Centro-Oeste,1,164298.88,122475.25
2024-06-28,Hatch,Nordeste,2,187695.96,140388.72
2024-06-28,Pickup,Sul,1,188813.83,151203.61
